year,month,product,location,type,price_then,price_now,tier,starts
2026,April,Antitheft,Sinza,Singles,2700.0,2300.0,,
2026,April,Arm band,Sinza,Singles,1300.0,900.0,,
2026,April,Big Man Bag,Sinza,Special Offers,2200.0,1800.0,,
2026,April,Cess HB,Sinza,Special Offers,3600.0,3200.0,,
2026,April,Claire Handbag,Sinza,Special Offers,3100.0,2700.0,,
2026,April,Double Press,Sinza,Singles,2700.0,2300.0,,
2026,April,Elyse,Sinza,Singles,3200.0,2800.0,,
2026,April,Kate,Sinza,Singles,1700.0,1300.0,,
2026,April,Lola,Sinza,Singles,2200.0,1800.0,,
2026,April,Mandy HB,Sinza,Singles,1600.0,1200.0,,
2026,April,Mega,Sinza,Special Offers,3500.0,3100.0,,
2026,April,Mini Manbag,Sinza,Singles,1700.0,1300.0,,
2026,April,Mini Umbra,Sinza,Special Offers,1700.0,1300.0,,
2026,April,Moon Bag,Sinza,Special Offers,1700.0,1300.0,,
2026,April,Standard Travel,Sinza,Special Offers,2700.0,2300.0,,
2026,April,Travolta,Sinza,Singles,3700.0,3300.0,,
2026,April,Trecento,Sinza,Special Offers,2200.0,1800.0,,
2026,April,Wander Luxe,Sinza,Special Offers,3200.0,2800.0,,
2026,April,Washbag,Sinza,Singles,1700.0,1300.0,,
2026,April,Zelus,Sinza,Special Offers,2700.0,2300.0,,
2026,August,Antitheft,Uganda,Singles,3258.62,2327.59,,
2026,August,Avana HB,Uganda,Singles,2655.17,1896.55,,
2026,August,Big Man Bag,Sinza,Singles,2200.0,1800.0,,
2026,August,Big Man Bag,Uganda,Singles,2655.17,1896.55,,
2026,August,Code 3,Sinza,Singles,2200.0,1800.0,,
2026,August,Gym Bag,Sinza,Singles,2700.0,2300.0,,
2026,August,Jumbo,Uganda,Singles,4465.52,3465.52,,
2026,August,Kai,Uganda,Singles,3500.0,2844.83,,
2026,August,Kate,Sinza,Singles,1700.0,1300.0,,
2026,August,Kayla,Uganda,Singles,2534.48,1810.34,,
2026,August,Luna,Sinza,Singles,1700.0,1300.0,,
2026,August,Mandy HB,Uganda,Singles,1931.03,1379.31,,
2026,August,Mini School,Uganda,Singles,2293.1,1637.93,,
2026,August,Mini Umbra,Sinza,Singles,1700.0,1300.0,,
2026,August,Mini Zuri,Sinza,Singles,2700.0,2300.0,,
2026,August,Mini Zuri,Uganda,Singles,3258.62,2327.59,,
2026,August,Monah BP,Sinza,Singles,2100.0,1700.0,,
2026,August,Moon Bag,Uganda,Singles,2051.72,1465.52,,
2026,August,Neo Man,Uganda,Singles,2051.72,1465.52,,
2026,August,Nizana,Uganda,Singles,2051.72,1465.52,,
2026,August,Pioneer,Uganda,Singles,3258.62,2396.55,,
2026,August,Sarai,Sinza,Singles,4200.0,3800.0,,
2026,August,Skye HB,Uganda,Singles,2534.48,1810.34,,
2026,August,Sleeve 2,Sinza,Singles,1700.0,800.0,,
2026,August,Zane Man,Uganda,Singles,2051.72,1465.52,,
2026,August,satchel,Uganda,Singles,3862.07,2931.03,,
2026,February,Amaya,Sinza,Singles,3600.0,2600.0,,
2026,February,Antitheft,Sinza,Special Offers,2700.0,2300.0,,
2026,February,Arm band,Sinza,Special Offers,1300.0,900.0,,
2026,February,Big Man Bag,Sinza,Singles,2200.0,1800.0,,
2026,February,Brief Case,Sinza,Singles,2900.0,2500.0,,
2026,February,Elyse,Sinza,Special Offers,3200.0,2800.0,,
2026,February,Fabela,Sinza,Special Offers,2500.0,2100.0,,
2026,February,Gym Bag,Sinza,Singles,2700.0,2300.0,,
2026,February,Jade,Sinza,Special Offers,3200.0,2800.0,,
2026,February,Jumbo,Sinza,Singles,3700.0,3300.0,,
2026,February,Kate,Sinza,Singles,1700.0,1300.0,,
2026,February,Man Bag,Sinza,Special Offers,1700.0,1300.0,,
2026,February,Mandy HB,Sinza,Special Offers,2100.0,1700.0,,
2026,February,Mega,Sinza,Singles,3100.0,2700.0,,
2026,February,Mini Umbra,Sinza,Special Offers,1700.0,1000.0,,
2026,February,Mini Zuri,Sinza,Singles,2700.0,2300.0,,
2026,February,Moon Bag,Sinza,Singles,1700.0,1300.0,,
2026,February,Nizana,Sinza,Special Offers,1700.0,1300.0,,
2026,February,Sleeve 2,Sinza,Singles,1700.0,800.0,,
2026,February,Standard Travel,Sinza,Special Offers,2700.0,2300.0,,
2026,January,Aria Sling,Sinza,Special Offers,1700.0,1300.0,,
2026,January,Avana HB,Sinza,Special Offers,2200.0,1800.0,,
2026,January,Bonita,Sinza,Special Offers,4000.0,3400.0,,
2026,January,Brief Case,Sinza,Special Offers,2900.0,2500.0,,
2026,January,Celine Sling Bag,Sinza,Special Offers,2200.0,1800.0,,
2026,January,Chase,Sinza,Singles,1600.0,1200.0,,
2026,January,Code 3,Sinza,Special Offers,2200.0,1800.0,,
2026,January,Elyse,Sinza,Singles,3100.0,2700.0,,
2026,January,Fabela,Sinza,Singles,2500.0,2100.0,,
2026,January,Jade,Sinza,Singles,3200.0,2800.0,,
2026,January,Mini Umbra,Sinza,Singles,1700.0,1300.0,,
2026,January,Monah BP,Sinza,Singles,2100.0,1700.0,,
2026,January,Moon Bag,Sinza,Special Offers,1700.0,1300.0,,
2026,January,Nizana,Sinza,Singles,1700.0,1300.0,,
2026,January,Remi,Sinza,Special Offers,2800.0,2400.0,,
2026,January,School Bag,Sinza,Singles,2200.0,1800.0,,
2026,January,Sleeve 2,Sinza,Special Offers,1700.0,1000.0,,
2026,January,Trecento,Sinza,Special Offers,2200.0,1800.0,,
2026,January,Voyage,Sinza,Singles,4000.0,3500.0,,
2026,January,Wander Luxe,Sinza,Singles,3200.0,2800.0,,
2026,July,Antitheft,Uganda,Singles,3258.62,2327.59,,
2026,July,Aurora,Sinza,Singles,2200.0,1800.0,,
2026,July,Avana HB,Uganda,Singles,2655.17,1896.55,,
2026,July,Big Man Bag,Uganda,Singles,2655.17,1896.55,,
2026,July,Bonita,Sinza,Singles,4000.0,3600.0,,
2026,July,Elyse,Sinza,Singles,3200.0,2800.0,,
2026,July,Fabela,Sinza,Singles,2500.0,2100.0,,
2026,July,Fanny Pack,Sinza,Singles,700.0,300.0,,
2026,July,Imani,Sinza,Singles,3100.0,2500.0,,
2026,July,Jade,Sinza,Singles,3200.0,2800.0,,
2026,July,Jumbo,Uganda,Singles,4465.52,3465.52,,
2026,July,Kai,Uganda,Singles,3500.0,2844.83,,
2026,July,Kayla,Uganda,Singles,2534.48,1810.34,,
2026,July,Legacy,Sinza,Singles,3600.0,3200.0,,
2026,July,Mandy HB,Uganda,Singles,1931.03,1379.31,,
2026,July,Mega,Sinza,Singles,3100.0,2700.0,,
2026,July,Mini School,Uganda,Singles,2293.1,1637.93,,
2026,July,Mini Zuri,Uganda,Singles,3258.62,2327.59,,
2026,July,Moon Bag,Uganda,Singles,2051.72,1465.52,,
2026,July,Neo Man,Uganda,Singles,2051.72,1465.52,,
2026,July,Nizana,Uganda,Singles,2051.72,1465.52,,
2026,July,Pioneer,Uganda,Singles,3258.62,2396.55,,
2026,July,Skye HB,Uganda,Singles,2534.48,1810.34,,
2026,July,Washbag,Sinza,Singles,1700.0,1300.0,,
2026,July,Zane Man,Uganda,Singles,2051.72,1465.52,,
2026,July,satchel,Uganda,Singles,3862.07,2931.03,,
2026,June,Amaya,Sinza,Singles,3600.0,2600.0,,
2026,June,Antitheft,Sinza,Special Offers,2700.0,2300.0,,
2026,June,Arm band,Sinza,Singles,1300.0,900.0,,
2026,June,Aurora,Sinza,Singles,2200.0,1800.0,,
2026,June,Avana HB,Sinza,Special Offers,2200.0,1800.0,,
2026,June,Belt Bag,Sinza,Singles,1500.0,1100.0,,
2026,June,Big Man Bag,Sinza,Special Offers,2200.0,1800.0,,
2026,June,Claire Handbag,Sinza,Special Offers,3100.0,2700.0,,
2026,June,Code 3,Sinza,Singles,2200.0,1800.0,,
2026,June,Code 3,Uganda,Singles,2655.17,2000.0,,
2026,June,Elyse,Sinza,Special Offers,3200.0,2800.0,,
2026,June,Gym Bag,Sinza,Special Offers,2700.0,2300.0,,
2026,June,Jumbo,Uganda,Singles,4465.52,3603.45,,
2026,June,Kai,Sinza,Singles,2900.0,2500.0,,
2026,June,Kai,Uganda,Singles,3500.0,2637.93,,
2026,June,Kate,Sinza,Special Offers,1700.0,1300.0,,
2026,June,Lola,Sinza,Special Offers,2200.0,1800.0,,
2026,June,Lola,Uganda,Singles,2655.17,2000.0,,
2026,June,Man Bag,Uganda,Singles,2051.72,1465.52,,
2026,June,Mini Manbag,Sinza,Singles,1700.0,1300.0,,
2026,June,Nizana,Sinza,Singles,1700.0,1300.0,,
2026,June,Nizana,Uganda,Singles,2051.72,1465.52,,
2026,June,Sierra Handbag,Sinza,Singles,2800.0,2400.0,,
2026,June,Wander Luxe,Sinza,Special Offers,3200.0,2800.0,,
2026,June,Zane Man,Sinza,Special Offers,1700.0,1300.0,,
2026,June,Zane Man,Uganda,Singles,2051.72,1465.52,,
2026,June,Zoezi,Sinza,Singles,3700.0,3300.0,,
2026,June,satchel,Uganda,Singles,3862.07,3000.0,,
2026,March,Aria Sling,Sinza,Special Offers,1700.0,1300.0,,
2026,March,Aurora,Sinza,Singles,2200.0,1800.0,,
2026,March,Avana HB,Sinza,Singles,2200.0,1800.0,,
2026,March,Belt Bag,Sinza,Singles,1500.0,1100.0,,
2026,March,Bonita,Sinza,Special Offers,4000.0,3600.0,,
2026,March,Butterfly Sling,Sinza,Singles,1700.0,1300.0,,
2026,March,Cairo BP,Sinza,Special Offers,2200.0,1800.0,,
2026,March,Claire Handbag,Sinza,Singles,3100.0,2700.0,,
2026,March,Code 3,Sinza,Special Offers,2200.0,1800.0,,
2026,March,Feroz,Sinza,Special Offers,3200.0,2800.0,,
2026,March,Kate,Sinza,Singles,1700.0,1300.0,,
2026,March,Liam,Sinza,Special Offers,2200.0,1800.0,,
2026,March,Man Bag,Sinza,Special Offers,1700.0,1300.0,,
2026,March,Monah BP,Sinza,Singles,2100.0,1700.0,,
2026,March,Moon Bag,Sinza,Singles,1700.0,1300.0,,
2026,March,Nizana,Sinza,Singles,1700.0,1300.0,,
2026,March,Remi,Sinza,Special Offers,2800.0,2400.0,,
2026,March,Trecento,Sinza,Singles,2200.0,1800.0,,
2026,March,Zane Man,Sinza,Special Offers,1700.0,1300.0,,
2026,March,Zoezi,Sinza,Special Offers,3700.0,3300.0,,
2026,May,Aria Sling,Sinza,Singles,1700.0,1300.0,,
2026,May,Aurora,Sinza,Special Offers,2200.0,1800.0,,
2026,May,Avana HB,Sinza,Special Offers,2200.0,1800.0,,
2026,May,Belt Bag,Sinza,Singles,1500.0,1100.0,,
2026,May,Brief Case,Sinza,Special Offers,2900.0,2500.0,,
2026,May,Cairo BP,Sinza,Special Offers,2100.0,1700.0,,
2026,May,Code 3,Sinza,Singles,2200.0,1800.0,,
2026,May,Fabela,Sinza,Singles,2500.0,2100.0,,
2026,May,Fanny Pack,Sinza,Singles,1700.0,1300.0,,
2026,May,Feroz,Sinza,Singles,3200.0,2800.0,,
2026,May,Jamela,Sinza,Singles,3700.0,3300.0,,
2026,May,Jumbo,Sinza,Singles,3700.0,3300.0,,
2026,May,Kate,Sinza,Special Offers,1700.0,1300.0,,
2026,May,Mega,Sinza,Special Offers,3100.0,2700.0,,
2026,May,Mini Zuri,Sinza,Special Offers,2700.0,2300.0,,
2026,May,Nizana,Sinza,Singles,1700.0,1300.0,,
2026,May,Reo Travel,Sinza,Special Offers,2900.0,2500.0,,
2026,May,Sleeve 2,Sinza,Special Offers,1700.0,1000.0,,
2026,May,Splash Backpack,Sinza,Special Offers,2200.0,1600.0,,
2026,May,Zane Man,Sinza,Singles,1700.0,1300.0,,
2026,September,Avana HB,Sinza,Singles,2200.0,1800.0,,
2026,September,Cairo BP,Sinza,Singles,2100.0,1700.0,,
2026,September,Cess HB,Sinza,Singles,3600.0,3200.0,,
2026,September,Elyse,Uganda,Singles,5913.79,4224.14,,
2026,September,Fabela,Sinza,Singles,2500.0,2100.0,,
2026,September,Imani,Sinza,Singles,3100.0,2700.0,,
2026,September,Jumbo,Uganda,Singles,9775.86,7258.62,,
2026,September,Mandy HB,Sinza,Singles,1600.0,1200.0,,
2026,September,Nizana,Sinza,Singles,1700.0,1300.0,,
2026,September,Remi,Sinza,Singles,2800.0,2400.0,,
2026,September,Safiri Travel,Uganda,Singles,6517.24,4827.59,,
2026,September,Wander Luxe,Sinza,Singles,3200.0,2800.0,,
2026,September,Zane Man,Sinza,Singles,1700.0,1300.0,,
2026,September,Amaya,Kisumu,Deal of the Week,3500.0,3100.0,27 Sep - 10 Oct,2026-09-27
2026,September,Aria Sling,Website,Deal of the Week,1600.0,1200.0,27 Sep - 10 Oct,2026-09-27
2026,September,Aurora,Website,Deal of the Week,2100.0,1700.0,27 Sep - 10 Oct,2026-09-27
2026,September,Belt Bag,Kakamega,Deal of the Week,1400.0,1000.0,27 Sep - 10 Oct,2026-09-27
2026,September,Belt Bag,Kisumu,Deal of the Week,1400.0,1000.0,27 Sep - 10 Oct,2026-09-27
2026,September,Belt Bag,Kitengela,Deal of the Week,1400.0,1000.0,27 Sep - 10 Oct,2026-09-27
2026,September,Belt Bag,Meru,Deal of the Week,1400.0,1000.0,27 Sep - 10 Oct,2026-09-27
2026,September,Belt Bag,Nanyuki,Deal of the Week,1400.0,1000.0,27 Sep - 10 Oct,2026-09-27
2026,September,Belt Bag,Rongai,Deal of the Week,1400.0,1000.0,27 Sep - 10 Oct,2026-09-27
2026,September,Big Man Bag,Busia,Deal of the Week,2100.0,1700.0,27 Sep - 10 Oct,2026-09-27
2026,September,Big Man Bag,Eldoret,Deal of the Week,2100.0,1700.0,27 Sep - 10 Oct,2026-09-27
2026,September,Big Man Bag,Kakamega,Deal of the Week,2100.0,1700.0,27 Sep - 10 Oct,2026-09-27
2026,September,Big Man Bag,Kisii,Deal of the Week,2100.0,1700.0,27 Sep - 10 Oct,2026-09-27
2026,September,Big Man Bag,Meru,Deal of the Week,2100.0,1700.0,27 Sep - 10 Oct,2026-09-27
2026,September,Big Man Bag,Mombasa,Deal of the Week,2100.0,1700.0,27 Sep - 10 Oct,2026-09-27
2026,September,Big Man Bag,Nairobi Town,Deal of the Week,2100.0,1700.0,27 Sep - 10 Oct,2026-09-27
2026,September,Big Man Bag,Nanyuki,Deal of the Week,2100.0,1700.0,27 Sep - 10 Oct,2026-09-27
2026,September,Big Man Bag,Thika,Deal of the Week,2100.0,1700.0,27 Sep - 10 Oct,2026-09-27
2026,September,Brief Case,Website,Deal of the Week,2800.0,2400.0,27 Sep - 10 Oct,2026-09-27
2026,September,Butterfly Sling,Busia,Deal of the Week,1600.0,1200.0,27 Sep - 10 Oct,2026-09-27
2026,September,Butterfly Sling,Nairobi Town,Deal of the Week,1600.0,1200.0,27 Sep - 10 Oct,2026-09-27
2026,September,Claire Handbag,Busia,Deal of the Week,3000.0,2600.0,27 Sep - 10 Oct,2026-09-27
2026,September,Claire Handbag,Nairobi Town,Deal of the Week,3000.0,2600.0,27 Sep - 10 Oct,2026-09-27
2026,September,Claire Handbag,Rongai,Deal of the Week,3000.0,2600.0,27 Sep - 10 Oct,2026-09-27
2026,September,College Hb,Kakamega,Deal of the Week,2600.0,2200.0,27 Sep - 10 Oct,2026-09-27
2026,September,Double Press,Nakuru,Deal of the Week,2600.0,2200.0,27 Sep - 10 Oct,2026-09-27
2026,September,Fabela,Eldoret,Deal of the Week,2400.0,2000.0,27 Sep - 10 Oct,2026-09-27
2026,September,Fabela,Kakamega,Deal of the Week,2400.0,2000.0,27 Sep - 10 Oct,2026-09-27
2026,September,Fabela,Meru,Deal of the Week,2400.0,2000.0,27 Sep - 10 Oct,2026-09-27
2026,September,Fabela,Mombasa,Deal of the Week,2400.0,2000.0,27 Sep - 10 Oct,2026-09-27
2026,September,Fabela,Nanyuki,Deal of the Week,2400.0,2000.0,27 Sep - 10 Oct,2026-09-27
2026,September,Fabela,Rongai,Deal of the Week,2400.0,2000.0,27 Sep - 10 Oct,2026-09-27
2026,September,Fabela,Thika,Deal of the Week,2400.0,2000.0,27 Sep - 10 Oct,2026-09-27
2026,September,Fabela,Website,Deal of the Week,2400.0,2000.0,27 Sep - 10 Oct,2026-09-27
2026,September,Fayola,Kisii,Deal of the Week,2100.0,1700.0,27 Sep - 10 Oct,2026-09-27
2026,September,Fayola,Kisumu,Deal of the Week,2100.0,1700.0,27 Sep - 10 Oct,2026-09-27
2026,September,Fayola,Thika,Deal of the Week,2100.0,1700.0,27 Sep - 10 Oct,2026-09-27
2026,September,Gym Bag,Nairobi Town,Deal of the Week,2600.0,2200.0,27 Sep - 10 Oct,2026-09-27
2026,September,Kai,Meru,Deal of the Week,2800.0,2400.0,27 Sep - 10 Oct,2026-09-27
2026,September,Kai,Thika,Deal of the Week,2800.0,2400.0,27 Sep - 10 Oct,2026-09-27
2026,September,Karina,Rongai,Deal of the Week,2500.0,2100.0,27 Sep - 10 Oct,2026-09-27
2026,September,Kate,Eldoret,Deal of the Week,1600.0,1200.0,27 Sep - 10 Oct,2026-09-27
2026,September,Kate,Mombasa,Deal of the Week,1600.0,1200.0,27 Sep - 10 Oct,2026-09-27
2026,September,Kate,Nakuru,Deal of the Week,1600.0,1200.0,27 Sep - 10 Oct,2026-09-27
2026,September,Kate,Nanyuki,Deal of the Week,1600.0,1200.0,27 Sep - 10 Oct,2026-09-27
2026,September,Kate,Thika,Deal of the Week,1600.0,1200.0,27 Sep - 10 Oct,2026-09-27
2026,September,Liam,Kisumu,Deal of the Week,2100.0,1700.0,27 Sep - 10 Oct,2026-09-27
2026,September,Liam,Nakuru,Deal of the Week,2100.0,1700.0,27 Sep - 10 Oct,2026-09-27
2026,September,Lola,Eldoret,Deal of the Week,2100.0,1800.0,27 Sep - 10 Oct,2026-09-27
2026,September,Lola,Mombasa,Deal of the Week,2100.0,1800.0,27 Sep - 10 Oct,2026-09-27
2026,September,Lola,Nanyuki,Deal of the Week,2100.0,1800.0,27 Sep - 10 Oct,2026-09-27
2026,September,Mega,Kisumu,Deal of the Week,3000.0,2600.0,27 Sep - 10 Oct,2026-09-27
2026,September,Mini Umbra,Busia,Deal of the Week,1600.0,1200.0,27 Sep - 10 Oct,2026-09-27
2026,September,Mini Umbra,Kisii,Deal of the Week,1600.0,1200.0,27 Sep - 10 Oct,2026-09-27
2026,September,Mini Umbra,Rongai,Deal of the Week,1600.0,1200.0,27 Sep - 10 Oct,2026-09-27
2026,September,Mini Zuri,Busia,Deal of the Week,2600.0,2200.0,27 Sep - 10 Oct,2026-09-27
2026,September,Mini Zuri,Kisii,Deal of the Week,2600.0,2200.0,27 Sep - 10 Oct,2026-09-27
2026,September,Mini Zuri,Kitengela,Deal of the Week,2600.0,2200.0,27 Sep - 10 Oct,2026-09-27
2026,September,Mini Zuri,Meru,Deal of the Week,2600.0,2200.0,27 Sep - 10 Oct,2026-09-27
2026,September,Neo Man,Kakamega,Deal of the Week,1600.0,1200.0,27 Sep - 10 Oct,2026-09-27
2026,September,Neo Man,Meru,Deal of the Week,1600.0,1200.0,27 Sep - 10 Oct,2026-09-27
2026,September,Neo Man,Nakuru,Deal of the Week,1600.0,1200.0,27 Sep - 10 Oct,2026-09-27
2026,September,Neo Man,Website,Deal of the Week,1600.0,1200.0,27 Sep - 10 Oct,2026-09-27
2026,September,Oval Handbag,Kakamega,Deal of the Week,1600.0,1200.0,27 Sep - 10 Oct,2026-09-27
2026,September,Oval Handbag,Kitengela,Deal of the Week,1600.0,1200.0,27 Sep - 10 Oct,2026-09-27
2026,September,Oval Handbag,Nakuru,Deal of the Week,1600.0,1200.0,27 Sep - 10 Oct,2026-09-27
2026,September,Oval Handbag,Thika,Deal of the Week,1600.0,1200.0,27 Sep - 10 Oct,2026-09-27
2026,September,Pioneer,Eldoret,Deal of the Week,2600.0,2200.0,27 Sep - 10 Oct,2026-09-27
2026,September,Pioneer,Nairobi Town,Deal of the Week,2600.0,2200.0,27 Sep - 10 Oct,2026-09-27
2026,September,Pioneer,Nanyuki,Deal of the Week,2600.0,2200.0,27 Sep - 10 Oct,2026-09-27
2026,September,Pioneer,Website,Deal of the Week,2600.0,2200.0,27 Sep - 10 Oct,2026-09-27
2026,September,Remi,Mombasa,Deal of the Week,2700.0,2300.0,27 Sep - 10 Oct,2026-09-27
2026,September,Reo Travel,Busia,Deal of the Week,2800.0,2400.0,27 Sep - 10 Oct,2026-09-27
2026,September,Reo Travel,Eldoret,Deal of the Week,2800.0,2400.0,27 Sep - 10 Oct,2026-09-27
2026,September,Reo Travel,Kisii,Deal of the Week,2800.0,2400.0,27 Sep - 10 Oct,2026-09-27
2026,September,Reo Travel,Nakuru,Deal of the Week,2800.0,2400.0,27 Sep - 10 Oct,2026-09-27
2026,September,School Bag,Kitengela,Deal of the Week,2100.0,1700.0,27 Sep - 10 Oct,2026-09-27
2026,September,School Bag,Mombasa,Deal of the Week,2100.0,1700.0,27 Sep - 10 Oct,2026-09-27
2026,September,School Bag,Rongai,Deal of the Week,2100.0,1700.0,27 Sep - 10 Oct,2026-09-27
2026,September,Trecento,Kisumu,Deal of the Week,2100.0,1700.0,27 Sep - 10 Oct,2026-09-27
2026,September,Trecento,Nairobi Town,Deal of the Week,2100.0,1700.0,27 Sep - 10 Oct,2026-09-27
2026,September,Tyler,Kisii,Deal of the Week,2600.0,2200.0,27 Sep - 10 Oct,2026-09-27
2026,September,Zane Man,Kitengela,Deal of the Week,1600.0,1200.0,27 Sep - 10 Oct,2026-09-27
2026,September,Zoezi,Kitengela,Deal of the Week,3600.0,3200.0,27 Sep - 10 Oct,2026-09-27
2026,October,Kate,Rongai,Deal of the Week,1600.0,1200.0,11 - 24 Oct,2026-10-11
2026,October,Belt Bag,Rongai,Deal of the Week,1400.0,1000.0,11 - 24 Oct,2026-10-11
2026,October,Lola,Rongai,Deal of the Week,2100.0,1800.0,11 - 24 Oct,2026-10-11
2026,October,Big Man Bag,Rongai,Deal of the Week,2100.0,1700.0,11 - 24 Oct,2026-10-11
2026,October,Fabela,Rongai,Deal of the Week,2400.0,2000.0,11 - 24 Oct,2026-10-11
2026,October,Kai,Rongai,Deal of the Week,2800.0,2400.0,11 - 24 Oct,2026-10-11
2026,October,Pioneer,Kitengela,Deal of the Week,2600.0,2200.0,11 - 24 Oct,2026-10-11
2026,October,Zane Man,Kitengela,Deal of the Week,1600.0,1200.0,11 - 24 Oct,2026-10-11
2026,October,Double Press,Kitengela,Deal of the Week,2600.0,2200.0,11 - 24 Oct,2026-10-11
2026,October,Liam,Kitengela,Deal of the Week,2100.0,1700.0,11 - 24 Oct,2026-10-11
2026,October,Fabela,Kitengela,Deal of the Week,2400.0,2000.0,11 - 24 Oct,2026-10-11
2026,October,Baby Bag,Kitengela,Deal of the Week,4600.0,4200.0,11 - 24 Oct,2026-10-11
2026,October,Remi,Kakamega,Deal of the Week,2700.0,2300.0,11 - 24 Oct,2026-10-11
2026,October,Kate,Kakamega,Deal of the Week,1600.0,1200.0,11 - 24 Oct,2026-10-11
2026,October,Sierra Handbag,Kakamega,Deal of the Week,2700.0,2300.0,11 - 24 Oct,2026-10-11
2026,October,Liam,Kakamega,Deal of the Week,2100.0,1700.0,11 - 24 Oct,2026-10-11
2026,October,Cairo Bp,Kakamega,Deal of the Week,2100.0,1700.0,11 - 24 Oct,2026-10-11
2026,October,Brief Case,Kakamega,Deal of the Week,2800.0,2400.0,11 - 24 Oct,2026-10-11
2026,October,Reo Travel,Eldoret,Deal of the Week,2800.0,2400.0,11 - 24 Oct,2026-10-11
2026,October,Big Man Bag,Eldoret,Deal of the Week,2100.0,1700.0,11 - 24 Oct,2026-10-11
2026,October,Sierra Handbag,Eldoret,Deal of the Week,2700.0,2300.0,11 - 24 Oct,2026-10-11
2026,October,Fabela,Eldoret,Deal of the Week,2400.0,2000.0,11 - 24 Oct,2026-10-11
2026,October,Trecento,Eldoret,Deal of the Week,2100.0,1700.0,11 - 24 Oct,2026-10-11
2026,October,Kai,Eldoret,Deal of the Week,2800.0,2400.0,11 - 24 Oct,2026-10-11
2026,October,Reo Travel,Kisii,Deal of the Week,2800.0,2400.0,11 - 24 Oct,2026-10-11
2026,October,Big Man Bag,Kisii,Deal of the Week,2100.0,1700.0,11 - 24 Oct,2026-10-11
2026,October,Lola,Kisii,Deal of the Week,2100.0,1800.0,11 - 24 Oct,2026-10-11
2026,October,Cosmo,Kisii,Deal of the Week,1900.0,1500.0,11 - 24 Oct,2026-10-11
2026,October,Oval Handbag,Kisii,Deal of the Week,1600.0,1200.0,11 - 24 Oct,2026-10-11
2026,October,Remi,Kisii,Deal of the Week,2700.0,2300.0,11 - 24 Oct,2026-10-11
2026,October,Sierra Handbag,Kisumu,Deal of the Week,2700.0,2300.0,11 - 24 Oct,2026-10-11
2026,October,Zane Man,Kisumu,Deal of the Week,1600.0,1200.0,11 - 24 Oct,2026-10-11
2026,October,Jade,Kisumu,Deal of the Week,3100.0,2700.0,11 - 24 Oct,2026-10-11
2026,October,Cathy Handbag,Kisumu,Deal of the Week,2000.0,1600.0,11 - 24 Oct,2026-10-11
2026,October,Fabela,Kisumu,Deal of the Week,2400.0,2000.0,11 - 24 Oct,2026-10-11
2026,October,Kai,Kisumu,Deal of the Week,2800.0,2400.0,11 - 24 Oct,2026-10-11
2026,October,Fabela,Busia,Deal of the Week,2400.0,2000.0,11 - 24 Oct,2026-10-11
2026,October,Belt Bag,Busia,Deal of the Week,1400.0,1000.0,11 - 24 Oct,2026-10-11
2026,October,School Bag,Busia,Deal of the Week,2100.0,1700.0,11 - 24 Oct,2026-10-11
2026,October,Trecento,Busia,Deal of the Week,2100.0,1700.0,11 - 24 Oct,2026-10-11
2026,October,Zane Man,Busia,Deal of the Week,1600.0,1200.0,11 - 24 Oct,2026-10-11
2026,October,Kai,Busia,Deal of the Week,2800.0,2400.0,11 - 24 Oct,2026-10-11
2026,October,Fabela,Nakuru,Deal of the Week,2400.0,2000.0,11 - 24 Oct,2026-10-11
2026,October,Belt Bag,Nakuru,Deal of the Week,1400.0,1000.0,11 - 24 Oct,2026-10-11
2026,October,Oval Handbag,Nakuru,Deal of the Week,1600.0,1200.0,11 - 24 Oct,2026-10-11
2026,October,Lola,Nakuru,Deal of the Week,2100.0,1800.0,11 - 24 Oct,2026-10-11
2026,October,Neo Man,Nakuru,Deal of the Week,1600.0,1200.0,11 - 24 Oct,2026-10-11
2026,October,Kai,Nakuru,Deal of the Week,2800.0,2400.0,11 - 24 Oct,2026-10-11
2026,October,Fabela,Meru,Deal of the Week,2400.0,2000.0,11 - 24 Oct,2026-10-11
2026,October,Belt Bag,Meru,Deal of the Week,1400.0,1000.0,11 - 24 Oct,2026-10-11
2026,October,Mini Zuri,Meru,Deal of the Week,2600.0,2200.0,11 - 24 Oct,2026-10-11
2026,October,Double Press,Meru,Deal of the Week,2600.0,2200.0,11 - 24 Oct,2026-10-11
2026,October,Big Man Bag,Meru,Deal of the Week,2100.0,1700.0,11 - 24 Oct,2026-10-11
2026,October,Kai,Meru,Deal of the Week,2800.0,2400.0,11 - 24 Oct,2026-10-11
2026,October,Belt Bag,Nanyuki,Deal of the Week,1400.0,1000.0,11 - 24 Oct,2026-10-11
2026,October,Big Man Bag,Nanyuki,Deal of the Week,2100.0,1700.0,11 - 24 Oct,2026-10-11
2026,October,Oval Handbag,Nanyuki,Deal of the Week,1600.0,1200.0,11 - 24 Oct,2026-10-11
2026,October,Trecento,Nanyuki,Deal of the Week,2100.0,1700.0,11 - 24 Oct,2026-10-11
2026,October,Gym Bag,Nanyuki,Deal of the Week,2600.0,2200.0,11 - 24 Oct,2026-10-11
2026,October,Kai,Nanyuki,Deal of the Week,2800.0,2400.0,11 - 24 Oct,2026-10-11
2026,October,Cathy Handbag,Thika,Deal of the Week,2000.0,1600.0,11 - 24 Oct,2026-10-11
2026,October,Pioneer,Thika,Deal of the Week,2600.0,2200.0,11 - 24 Oct,2026-10-11
2026,October,Liam,Thika,Deal of the Week,2100.0,1700.0,11 - 24 Oct,2026-10-11
2026,October,Trecento,Thika,Deal of the Week,2100.0,1700.0,11 - 24 Oct,2026-10-11
2026,October,Big Man Bag,Thika,Deal of the Week,2100.0,1700.0,11 - 24 Oct,2026-10-11
2026,October,Kai,Thika,Deal of the Week,2800.0,2400.0,11 - 24 Oct,2026-10-11
2026,October,Kai,Mombasa,Deal of the Week,2800.0,2400.0,11 - 24 Oct,2026-10-11
2026,October,Belt Bag,Mombasa,Deal of the Week,1400.0,1000.0,11 - 24 Oct,2026-10-11
2026,October,Trecento,Mombasa,Deal of the Week,2100.0,1700.0,11 - 24 Oct,2026-10-11
2026,October,Liam,Mombasa,Deal of the Week,2100.0,1700.0,11 - 24 Oct,2026-10-11
2026,October,Neo Man,Mombasa,Deal of the Week,1600.0,1200.0,11 - 24 Oct,2026-10-11
2026,October,Sierra Handbag,Mombasa,Deal of the Week,2800.0,2400.0,11 - 24 Oct,2026-10-11
2026,October,Pioneer,Website,Deal of the Week,2600.0,2200.0,11 - 24 Oct,2026-10-11
2026,October,Luna,Website,Deal of the Week,1600.0,1200.0,11 - 24 Oct,2026-10-11
2026,October,Lola,Website,Deal of the Week,2100.0,1800.0,11 - 24 Oct,2026-10-11
2026,October,Double Press,Website,Deal of the Week,2600.0,2200.0,11 - 24 Oct,2026-10-11
2026,October,Big Man Bag,Website,Deal of the Week,2100.0,1700.0,11 - 24 Oct,2026-10-11
2026,October,Gym Bag,Website,Deal of the Week,2600.0,2200.0,11 - 24 Oct,2026-10-11
2026,October,Kai,Nairobi Town,Deal of the Week,2800.0,2400.0,11 - 24 Oct,2026-10-11
2026,October,Neo Man,Nairobi Town,Deal of the Week,1600.0,1200.0,11 - 24 Oct,2026-10-11
2026,October,Reo Travel,Nairobi Town,Deal of the Week,2800.0,2400.0,11 - 24 Oct,2026-10-11
2026,October,Trecento,Nairobi Town,Deal of the Week,2100.0,1700.0,11 - 24 Oct,2026-10-11
2026,October,Fayola,Nairobi Town,Deal of the Week,2100.0,1700.0,11 - 24 Oct,2026-10-11
2026,October,Remi,Nairobi Town,Deal of the Week,2700.0,2300.0,11 - 24 Oct,2026-10-11
