Pricelist,Product,Starts,Ends,Rule Price,Currency,Active,Tills,First Seen
JUMIA Pricelist,Alpha Travel Brown,2026-05-05,2026-05-05,3419.83,KES,True,JUMIA,2026-09-14T08:50:26
JUMIA Pricelist,Code 3 Black,2026-05-05,2026-05-05,1943.97,KES,True,JUMIA,2026-09-14T08:50:26
JUMIA Pricelist,Code 3 Grey,2026-05-05,2026-05-05,1840.52,KES,True,JUMIA,2026-09-14T08:50:26
JUMIA Pricelist,Fayola Black,2026-05-05,2026-05-05,1912.07,KES,True,JUMIA,2026-09-14T08:50:26
JUMIA Pricelist,Fayola Grey,2026-05-05,2026-05-05,1840.52,KES,True,JUMIA,2026-09-14T08:50:26
JUMIA Pricelist,Fayola Nude,2026-05-05,2026-05-05,1840.52,KES,True,JUMIA,2026-09-14T08:50:26
JUMIA Pricelist,Jumbo Green,2026-05-05,2026-05-05,3375.0,KES,True,JUMIA,2026-09-14T08:50:26
JUMIA Pricelist,Jumbo Grey,2026-05-05,2026-05-05,3375.0,KES,True,JUMIA,2026-09-14T08:50:26
JUMIA Pricelist,Kaz Brown,2026-05-05,2026-05-05,1801.72,KES,True,JUMIA,2026-09-14T08:50:26
JUMIA Pricelist,Man Bag Brown,2026-05-05,2026-05-05,1400.86,KES,True,JUMIA,2026-09-14T08:50:26
JUMIA Pricelist,Mini Umbra Black,2026-05-05,2026-05-05,1480.17,KES,True,JUMIA,2026-09-14T08:50:26
JUMIA Pricelist,Zeno Black/Chocolate,2026-05-05,2026-05-05,1447.41,KES,True,JUMIA,2026-09-14T08:50:26
JUMIA Pricelist,Zeno Black/Cracked,2026-05-05,2026-05-05,1447.41,KES,True,JUMIA,2026-09-14T08:50:26
JUMIA Pricelist,Zeno Black/Grey,2026-05-05,2026-05-05,1447.41,KES,True,JUMIA,2026-09-14T08:50:26
JUMIA Pricelist,Zeno Black/Red,2026-05-05,2026-05-05,1447.41,KES,True,JUMIA,2026-09-14T08:50:26
JUMIA Pricelist,Zeno Cracked/Black,2026-05-05,2026-05-05,1447.41,KES,True,JUMIA,2026-09-14T08:50:26
KTDA Pricelist,Aurora Beige,2026-05-05,2026-05-09,1465.52,KES,False,,2026-09-14T08:50:26
KTDA Pricelist,Aurora Black,2026-05-05,2026-05-09,1465.52,KES,False,,2026-09-14T08:50:26
KTDA Pricelist,Aurora Chocolate,2026-05-05,2026-05-09,1465.52,KES,False,,2026-09-14T08:50:26
KTDA Pricelist,Aurora Cracked,2026-05-05,2026-05-09,1465.52,KES,False,,2026-09-14T08:50:26
KTDA Pricelist,Aurora Dark Brown,2026-05-05,2026-05-09,1465.52,KES,False,,2026-09-14T08:50:26
KTDA Pricelist,Aurora Grey,2026-05-05,2026-05-09,1465.52,KES,False,,2026-09-14T08:50:26
KTDA Pricelist,Aurora Maroon,2026-05-05,2026-05-09,1465.52,KES,False,,2026-09-14T08:50:26
KTDA Pricelist,Aurora Red,2026-05-05,2026-05-09,1465.52,KES,False,,2026-09-14T08:50:26
KTDA Pricelist,Aurora Red.Pattern,2026-05-05,2026-05-09,1465.52,KES,False,,2026-09-14T08:50:26
KTDA Pricelist,Aurora Spice,2026-05-05,2026-05-09,1465.52,KES,False,,2026-09-14T08:50:26
KTDA Pricelist,Aurora Wooven Maroon,2026-05-05,2026-05-09,1465.52,KES,False,,2026-09-14T08:50:26
KTDA Pricelist,Cess HB Beige,2026-05-05,2026-05-09,2672.41,KES,False,,2026-09-14T08:50:26
KTDA Pricelist,Cess HB Black,2026-05-05,2026-05-09,2672.41,KES,False,,2026-09-14T08:50:26
KTDA Pricelist,Cess HB Choco,2026-05-05,2026-05-09,2672.41,KES,False,,2026-09-14T08:50:26
KTDA Pricelist,Cess HB Cracked,2026-05-05,2026-05-09,2672.41,KES,False,,2026-09-14T08:50:26
KTDA Pricelist,Cess HB Dark Brown,2026-05-05,2026-05-09,2672.41,KES,False,,2026-09-14T08:50:26
KTDA Pricelist,Cess HB Green,2026-05-05,2026-05-09,2672.41,KES,False,,2026-09-14T08:50:26
KTDA Pricelist,Cess HB Grey,2026-05-05,2026-05-09,2672.41,KES,False,,2026-09-14T08:50:26
KTDA Pricelist,Cess HB Red,2026-05-05,2026-05-09,2672.41,KES,False,,2026-09-14T08:50:26
KTDA Pricelist,Cess HB Spice,2026-05-05,2026-05-09,2672.41,KES,False,,2026-09-14T08:50:26
KTDA Pricelist,Fabela Black,2026-05-05,2026-05-09,1724.14,KES,False,,2026-09-14T08:50:26
KTDA Pricelist,Fabela Brown,2026-05-05,2026-05-09,1724.14,KES,False,,2026-09-14T08:50:26
KTDA Pricelist,Fabela Green,2026-05-05,2026-05-09,1724.14,KES,False,,2026-09-14T08:50:26
KTDA Pricelist,Fabela Grey,2026-05-05,2026-05-09,1724.14,KES,False,,2026-09-14T08:50:26
KTDA Pricelist,Fabela Nude,2026-05-05,2026-05-09,1724.14,KES,False,,2026-09-14T08:50:26
KTDA Pricelist,Jumbo Grey,2026-05-05,2026-05-09,3103.45,KES,False,,2026-09-14T08:50:26
KTDA Pricelist,Moon Bag Beige,2026-05-05,2026-05-09,1034.48,KES,False,,2026-09-14T08:50:26
KTDA Pricelist,Moon Bag Black,2026-05-05,2026-05-09,1034.48,KES,False,,2026-09-14T08:50:26
KTDA Pricelist,Moon Bag Chocolate Brown,2026-05-05,2026-05-09,1034.48,KES,False,,2026-09-14T08:50:26
KTDA Pricelist,Moon Bag Cracked,2026-05-05,2026-05-09,1034.48,KES,False,,2026-09-14T08:50:26
KTDA Pricelist,Moon Bag Dark Brown,2026-05-05,2026-05-09,1034.48,KES,False,,2026-09-14T08:50:26
KTDA Pricelist,Moon Bag Grey,2026-05-05,2026-05-09,1034.48,KES,False,,2026-09-14T08:50:26
KTDA Pricelist,Moon Bag Maroon,2026-05-05,2026-05-09,1034.48,KES,False,,2026-09-14T08:50:26
KTDA Pricelist,Moon Bag Red,2026-05-05,2026-05-09,1034.48,KES,False,,2026-09-14T08:50:26
KTDA Pricelist,Moon Bag Spice,2026-05-05,2026-05-09,1034.48,KES,False,,2026-09-14T08:50:26
KTDA Pricelist,Pioneer Black,2026-05-05,2026-05-09,1896.55,KES,False,,2026-09-14T08:50:26
KTDA Pricelist,Pioneer Brown,2026-05-05,2026-05-09,1896.55,KES,False,,2026-09-14T08:50:26
KTDA Pricelist,Pioneer Green,2026-05-05,2026-05-09,1896.55,KES,False,,2026-09-14T08:50:26
KTDA Pricelist,Pioneer Grey,2026-05-05,2026-05-09,1896.55,KES,False,,2026-09-14T08:50:26
KTDA Pricelist,Pioneer Nude,2026-05-05,2026-05-09,1896.55,KES,False,,2026-09-14T08:50:26
Nakuru Pricelist,Vanity Grey,2026-09-07,2026-09-16,603.45,KES,True,NAKURU,2026-09-27T20:11:21
Busia pricelist,Aria Pro Beige,2026-09-12,2026-09-26,1034.48,KES,True,BUSIA,2026-09-14T08:50:26
Busia pricelist,Aria Pro Black,2026-09-12,2026-09-26,1034.48,KES,True,BUSIA,2026-09-14T08:50:26
Busia pricelist,Aria Pro Chocolate,2026-09-12,2026-09-26,1034.48,KES,True,BUSIA,2026-09-14T08:50:26
Busia pricelist,Aria Pro Cracked,2026-09-12,2026-09-26,1034.48,KES,True,BUSIA,2026-09-14T08:50:26
Busia pricelist,Aria Pro Dark Brown,2026-09-12,2026-09-26,1034.48,KES,True,BUSIA,2026-09-14T08:50:26
Busia pricelist,Aria Pro Grey,2026-09-12,2026-09-26,1034.48,KES,True,BUSIA,2026-09-14T08:50:26
Busia pricelist,Aria Pro Maroon,2026-09-12,2026-09-26,1034.48,KES,True,BUSIA,2026-09-14T08:50:26
Busia pricelist,Aria Pro Red,2026-09-12,2026-09-26,1034.48,KES,True,BUSIA,2026-09-14T08:50:26
Busia pricelist,Aria Pro Spice,2026-09-12,2026-09-26,1034.48,KES,True,BUSIA,2026-09-14T08:50:26
Busia pricelist,Aria Pro Yellow,2026-09-12,2026-09-26,1034.48,KES,True,BUSIA,2026-09-14T08:50:26
Busia pricelist,Jumbo Antelope Brown,2026-09-12,2026-09-26,2758.62,KES,True,BUSIA,2026-09-14T08:50:26
Busia pricelist,Jumbo Black,2026-09-12,2026-09-26,2758.62,KES,True,BUSIA,2026-09-14T08:50:26
Busia pricelist,Jumbo Brown,2026-09-12,2026-09-26,2758.62,KES,True,BUSIA,2026-09-14T08:50:26
Busia pricelist,Jumbo Green,2026-09-12,2026-09-26,2758.62,KES,True,BUSIA,2026-09-14T08:50:26
Busia pricelist,Jumbo Grey,2026-09-12,2026-09-26,2758.62,KES,True,BUSIA,2026-09-14T08:50:26
Busia pricelist,Jumbo Nude,2026-09-12,2026-09-26,2758.62,KES,True,BUSIA,2026-09-14T08:50:26
Busia pricelist,Lola Beige,2026-09-12,2026-09-26,1551.72,KES,True,BUSIA,2026-09-14T08:50:26
Busia pricelist,Lola Black,2026-09-12,2026-09-26,1551.72,KES,True,BUSIA,2026-09-14T08:50:26
Busia pricelist,Lola Choco,2026-09-12,2026-09-26,1551.72,KES,True,BUSIA,2026-09-14T08:50:26
Busia pricelist,Lola Cracked,2026-09-12,2026-09-26,1551.72,KES,True,BUSIA,2026-09-14T08:50:26
Busia pricelist,Lola Dark Brown,2026-09-12,2026-09-26,1551.72,KES,True,BUSIA,2026-09-14T08:50:26
Busia pricelist,Lola Grey,2026-09-12,2026-09-26,1551.72,KES,True,BUSIA,2026-09-14T08:50:26
Busia pricelist,Lola Maroon,2026-09-12,2026-09-26,1551.72,KES,True,BUSIA,2026-09-14T08:50:26
Busia pricelist,Lola Red,2026-09-12,2026-09-26,1551.72,KES,True,BUSIA,2026-09-14T08:50:26
Busia pricelist,Lola Spice,2026-09-12,2026-09-26,1551.72,KES,True,BUSIA,2026-09-14T08:50:26
Busia pricelist,Mini Zuri Beige,2026-09-12,2026-09-26,2758.62,KES,True,BUSIA,2026-09-14T08:50:26
Busia pricelist,Mini Zuri Black,2026-09-12,2026-09-26,2758.62,KES,True,BUSIA,2026-09-14T08:50:26
Busia pricelist,Mini Zuri Chocolate,2026-09-12,2026-09-26,2758.62,KES,True,BUSIA,2026-09-14T08:50:26
Busia pricelist,Mini Zuri Cracked,2026-09-12,2026-09-26,2758.62,KES,True,BUSIA,2026-09-14T08:50:26
Busia pricelist,Mini Zuri Dark Brown,2026-09-12,2026-09-26,2758.62,KES,True,BUSIA,2026-09-14T08:50:26
Busia pricelist,Mini Zuri Grey,2026-09-12,2026-09-26,2758.62,KES,True,BUSIA,2026-09-14T08:50:26
Busia pricelist,Mini Zuri Maroon,2026-09-12,2026-09-26,2758.62,KES,True,BUSIA,2026-09-14T08:50:26
Busia pricelist,Mini Zuri Red,2026-09-12,2026-09-26,2758.62,KES,True,BUSIA,2026-09-14T08:50:26
Busia pricelist,Mini Zuri Spice,2026-09-12,2026-09-26,2758.62,KES,True,BUSIA,2026-09-14T08:50:26
Busia pricelist,Pioneer Black,2026-09-12,2026-09-26,1896.55,KES,True,BUSIA,2026-09-14T08:50:26
Busia pricelist,Pioneer Brown,2026-09-12,2026-09-26,1896.55,KES,True,BUSIA,2026-09-14T08:50:26
Busia pricelist,Pioneer CN Brown,2026-09-12,2026-09-26,1896.55,KES,True,BUSIA,2026-09-14T08:50:26
Busia pricelist,Pioneer Green,2026-09-12,2026-09-26,1896.55,KES,True,BUSIA,2026-09-14T08:50:26
Busia pricelist,Pioneer Grey,2026-09-12,2026-09-26,1896.55,KES,True,BUSIA,2026-09-14T08:50:26
Busia pricelist,Pioneer Nude,2026-09-12,2026-09-26,1896.55,KES,True,BUSIA,2026-09-14T08:50:26
Busia pricelist,Trecento Beige,2026-09-12,2026-09-26,1465.52,KES,True,BUSIA,2026-09-14T08:50:26
Busia pricelist,Trecento Black,2026-09-12,2026-09-26,1465.52,KES,True,BUSIA,2026-09-14T08:50:26
Busia pricelist,Trecento Chocolate,2026-09-12,2026-09-26,1465.52,KES,True,BUSIA,2026-09-14T08:50:26
Busia pricelist,Trecento Cracked,2026-09-12,2026-09-26,1465.52,KES,True,BUSIA,2026-09-14T08:50:26
Busia pricelist,Trecento Dark Brown,2026-09-12,2026-09-26,1465.52,KES,True,BUSIA,2026-09-14T08:50:26
Busia pricelist,Trecento Grey,2026-09-12,2026-09-26,1465.52,KES,True,BUSIA,2026-09-14T08:50:26
Busia pricelist,Trecento Red,2026-09-12,2026-09-26,1465.52,KES,True,BUSIA,2026-09-14T08:50:26
Busia pricelist,Trecento Spice,2026-09-12,2026-09-26,1465.52,KES,True,BUSIA,2026-09-14T08:50:26
Busia pricelist,Zuri Beige,2026-09-12,2026-09-26,2758.62,KES,True,BUSIA,2026-09-14T08:50:26
Busia pricelist,Zuri Black,2026-09-12,2026-09-26,2758.62,KES,True,BUSIA,2026-09-14T08:50:26
Busia pricelist,Zuri Chocolate,2026-09-12,2026-09-26,2758.62,KES,True,BUSIA,2026-09-14T08:50:26
Busia pricelist,Zuri Cracked,2026-09-12,2026-09-26,2758.62,KES,True,BUSIA,2026-09-14T08:50:26
Busia pricelist,Zuri Dark Brown,2026-09-12,2026-09-26,2758.62,KES,True,BUSIA,2026-09-14T08:50:26
Busia pricelist,Zuri Grey,2026-09-12,2026-09-26,2758.62,KES,True,BUSIA,2026-09-14T08:50:26
Busia pricelist,Zuri Maroon,2026-09-12,2026-09-26,2758.62,KES,True,BUSIA,2026-09-14T08:50:26
Busia pricelist,Zuri Red,2026-09-12,2026-09-26,2758.62,KES,True,BUSIA,2026-09-14T08:50:26
Busia pricelist,Zuri Spice,2026-09-12,2026-09-26,2758.62,KES,True,BUSIA,2026-09-14T08:50:26
Eldoret Pricelist,Fabela Black,2026-09-12,2026-09-26,1724.14,KES,True,ELDORET,2026-09-14T08:50:26
Eldoret Pricelist,Fabela Brown,2026-09-12,2026-09-26,1724.14,KES,True,ELDORET,2026-09-14T08:50:26
Eldoret Pricelist,Fabela Green,2026-09-12,2026-09-26,1724.14,KES,True,ELDORET,2026-09-14T08:50:26
Eldoret Pricelist,Fabela Grey,2026-09-12,2026-09-26,1724.14,KES,True,ELDORET,2026-09-14T08:50:26
Eldoret Pricelist,Fabela Nude,2026-09-12,2026-09-26,1724.14,KES,True,ELDORET,2026-09-14T08:50:26
Eldoret Pricelist,Fayola Black,2026-09-12,2026-09-26,1465.52,KES,True,ELDORET,2026-09-14T08:50:26
Eldoret Pricelist,Fayola Brown,2026-09-12,2026-09-26,1465.52,KES,True,ELDORET,2026-09-14T08:50:26
Eldoret Pricelist,Fayola Green,2026-09-12,2026-09-26,1465.52,KES,True,ELDORET,2026-09-14T08:50:26
Eldoret Pricelist,Fayola Grey,2026-09-12,2026-09-26,1465.52,KES,True,ELDORET,2026-09-14T08:50:26
Eldoret Pricelist,Fayola Nude,2026-09-12,2026-09-26,1465.52,KES,True,ELDORET,2026-09-14T08:50:26
Eldoret Pricelist,Kai Antelope Brown,2026-09-12,2026-09-26,2068.97,KES,True,ELDORET,2026-09-14T08:50:26
Eldoret Pricelist,Kai Beige,2026-09-12,2026-09-26,2068.97,KES,True,ELDORET,2026-09-14T08:50:26
Eldoret Pricelist,Kai Black,2026-09-12,2026-09-26,2068.97,KES,True,ELDORET,2026-09-14T08:50:26
Eldoret Pricelist,Kai Brown,2026-09-12,2026-09-26,2068.97,KES,True,ELDORET,2026-09-14T08:50:26
Eldoret Pricelist,Kai Green,2026-09-12,2026-09-26,2068.97,KES,True,ELDORET,2026-09-14T08:50:26
Eldoret Pricelist,Kai Grey,2026-09-12,2026-09-26,2068.97,KES,True,ELDORET,2026-09-14T08:50:26
Eldoret Pricelist,Moon Bag Beige,2026-09-12,2026-09-26,1034.48,KES,True,ELDORET,2026-09-14T08:50:26
Eldoret Pricelist,Moon Bag Black,2026-09-12,2026-09-26,1034.48,KES,True,ELDORET,2026-09-14T08:50:26
Eldoret Pricelist,Moon Bag Chocolate Brown,2026-09-12,2026-09-26,1034.48,KES,True,ELDORET,2026-09-14T08:50:26
Eldoret Pricelist,Moon Bag Cracked,2026-09-12,2026-09-26,1034.48,KES,True,ELDORET,2026-09-14T08:50:26
Eldoret Pricelist,Moon Bag Dark Brown,2026-09-12,2026-09-26,1034.48,KES,True,ELDORET,2026-09-14T08:50:26
Eldoret Pricelist,Moon Bag Grey,2026-09-12,2026-09-26,1034.48,KES,True,ELDORET,2026-09-14T08:50:26
Eldoret Pricelist,Moon Bag Maroon,2026-09-12,2026-09-26,1034.48,KES,True,ELDORET,2026-09-14T08:50:26
Eldoret Pricelist,Moon Bag Red,2026-09-12,2026-09-26,1034.48,KES,True,ELDORET,2026-09-14T08:50:26
Eldoret Pricelist,Moon Bag Spice,2026-09-12,2026-09-26,1034.48,KES,True,ELDORET,2026-09-14T08:50:26
Eldoret Pricelist,Sierra Handbag Wooven Black,2026-09-12,2026-09-26,1982.76,KES,True,ELDORET,2026-09-14T08:50:26
Eldoret Pricelist,Sierra Handbag Wooven Brown,2026-09-12,2026-09-26,1982.76,KES,True,ELDORET,2026-09-14T08:50:26
Eldoret Pricelist,Sierra Handbag Wooven Cream,2026-09-12,2026-09-26,1982.76,KES,True,ELDORET,2026-09-14T08:50:26
Eldoret Pricelist,Sierra Handbag Wooven Maroon,2026-09-12,2026-09-26,1982.76,KES,True,ELDORET,2026-09-14T08:50:26
Eldoret Pricelist,Sierra Handbag Wooven Mustard,2026-09-12,2026-09-26,1982.76,KES,True,ELDORET,2026-09-14T08:50:26
Eldoret Pricelist,Trecento Beige,2026-09-12,2026-09-26,1465.52,KES,True,ELDORET,2026-09-14T08:50:26
Eldoret Pricelist,Trecento Black,2026-09-12,2026-09-26,1465.52,KES,True,ELDORET,2026-09-14T08:50:26
Eldoret Pricelist,Trecento Chocolate,2026-09-12,2026-09-26,1465.52,KES,True,ELDORET,2026-09-14T08:50:26
Eldoret Pricelist,Trecento Cracked,2026-09-12,2026-09-26,1465.52,KES,True,ELDORET,2026-09-14T08:50:26
Eldoret Pricelist,Trecento Dark Brown,2026-09-12,2026-09-26,1465.52,KES,True,ELDORET,2026-09-14T08:50:26
Eldoret Pricelist,Trecento Grey,2026-09-12,2026-09-26,1465.52,KES,True,ELDORET,2026-09-14T08:50:26
Eldoret Pricelist,Trecento Red,2026-09-12,2026-09-26,1465.52,KES,True,ELDORET,2026-09-14T08:50:26
Eldoret Pricelist,Trecento Spice,2026-09-12,2026-09-26,1465.52,KES,True,ELDORET,2026-09-14T08:50:26
Kakamega Pricelist,Aria Pro Beige,2026-09-12,2026-09-26,1034.48,KES,True,KAKAMEGA,2026-09-14T08:50:26
Kakamega Pricelist,Aria Pro Black,2026-09-12,2026-09-26,1034.48,KES,True,KAKAMEGA,2026-09-14T08:50:26
Kakamega Pricelist,Aria Pro Chocolate,2026-09-12,2026-09-26,1034.48,KES,True,KAKAMEGA,2026-09-14T08:50:26
Kakamega Pricelist,Aria Pro Cracked,2026-09-12,2026-09-26,1034.48,KES,True,KAKAMEGA,2026-09-14T08:50:26
Kakamega Pricelist,Aria Pro Dark Brown,2026-09-12,2026-09-26,1034.48,KES,True,KAKAMEGA,2026-09-14T08:50:26
Kakamega Pricelist,Aria Pro Grey,2026-09-12,2026-09-26,1034.48,KES,True,KAKAMEGA,2026-09-14T08:50:26
Kakamega Pricelist,Aria Pro Maroon,2026-09-12,2026-09-26,1034.48,KES,True,KAKAMEGA,2026-09-14T08:50:26
Kakamega Pricelist,Aria Pro Red,2026-09-12,2026-09-26,1034.48,KES,True,KAKAMEGA,2026-09-14T08:50:26
Kakamega Pricelist,Aria Pro Spice,2026-09-12,2026-09-26,1034.48,KES,True,KAKAMEGA,2026-09-14T08:50:26
Kakamega Pricelist,Aria Pro Yellow,2026-09-12,2026-09-26,1034.48,KES,True,KAKAMEGA,2026-09-14T08:50:26
Kakamega Pricelist,Elyse Beige,2026-09-12,2026-09-26,2327.59,KES,True,KAKAMEGA,2026-09-14T08:50:26
Kakamega Pricelist,Elyse Black,2026-09-12,2026-09-26,2327.59,KES,True,KAKAMEGA,2026-09-14T08:50:26
Kakamega Pricelist,Elyse Chocolate,2026-09-12,2026-09-26,2327.59,KES,True,KAKAMEGA,2026-09-14T08:50:26
Kakamega Pricelist,Elyse Cracked,2026-09-12,2026-09-26,2327.59,KES,True,KAKAMEGA,2026-09-14T08:50:26
Kakamega Pricelist,Elyse D.Brown,2026-09-12,2026-09-26,2327.59,KES,True,KAKAMEGA,2026-09-14T08:50:26
Kakamega Pricelist,Elyse Grey,2026-09-12,2026-09-26,2327.59,KES,True,KAKAMEGA,2026-09-14T08:50:26
Kakamega Pricelist,Elyse Red,2026-09-12,2026-09-26,2327.59,KES,True,KAKAMEGA,2026-09-14T08:50:26
Kakamega Pricelist,Elyse Spice,2026-09-12,2026-09-26,2327.59,KES,True,KAKAMEGA,2026-09-14T08:50:26
Kakamega Pricelist,Kate Beige,2026-09-12,2026-09-26,1034.48,KES,True,KAKAMEGA,2026-09-14T08:50:26
Kakamega Pricelist,Kate Black,2026-09-12,2026-09-26,1034.48,KES,True,KAKAMEGA,2026-09-14T08:50:26
Kakamega Pricelist,Kate Chocolate,2026-09-12,2026-09-26,1034.48,KES,True,KAKAMEGA,2026-09-14T08:50:26
Kakamega Pricelist,Kate Cracked,2026-09-12,2026-09-26,1034.48,KES,True,KAKAMEGA,2026-09-14T08:50:26
Kakamega Pricelist,Kate Dark Brown,2026-09-12,2026-09-26,1034.48,KES,True,KAKAMEGA,2026-09-14T08:50:26
Kakamega Pricelist,Kate Grey,2026-09-12,2026-09-26,1034.48,KES,True,KAKAMEGA,2026-09-14T08:50:26
Kakamega Pricelist,Kate Maroon,2026-09-12,2026-09-26,1034.48,KES,True,KAKAMEGA,2026-09-14T08:50:26
Kakamega Pricelist,Kate Red,2026-09-12,2026-09-26,1034.48,KES,True,KAKAMEGA,2026-09-14T08:50:26
Kakamega Pricelist,Kate Spice,2026-09-12,2026-09-26,1034.48,KES,True,KAKAMEGA,2026-09-14T08:50:26
Kakamega Pricelist,Mini Zuri Beige,2026-09-12,2026-09-26,2758.62,KES,True,KAKAMEGA,2026-09-14T08:50:26
Kakamega Pricelist,Mini Zuri Black,2026-09-12,2026-09-26,2758.62,KES,True,KAKAMEGA,2026-09-14T08:50:26
Kakamega Pricelist,Mini Zuri Chocolate,2026-09-12,2026-09-26,2758.62,KES,True,KAKAMEGA,2026-09-14T08:50:26
Kakamega Pricelist,Mini Zuri Cracked,2026-09-12,2026-09-26,2758.62,KES,True,KAKAMEGA,2026-09-14T08:50:26
Kakamega Pricelist,Mini Zuri Dark Brown,2026-09-12,2026-09-26,2758.62,KES,True,KAKAMEGA,2026-09-14T08:50:26
Kakamega Pricelist,Mini Zuri Grey,2026-09-12,2026-09-26,2758.62,KES,True,KAKAMEGA,2026-09-14T08:50:26
Kakamega Pricelist,Mini Zuri Maroon,2026-09-12,2026-09-26,2758.62,KES,True,KAKAMEGA,2026-09-14T08:50:26
Kakamega Pricelist,Mini Zuri Red,2026-09-12,2026-09-26,2758.62,KES,True,KAKAMEGA,2026-09-14T08:50:26
Kakamega Pricelist,Mini Zuri Spice,2026-09-12,2026-09-26,2758.62,KES,True,KAKAMEGA,2026-09-14T08:50:26
Kakamega Pricelist,Reo Travel Black,2026-09-12,2026-09-26,2068.97,KES,True,KAKAMEGA,2026-09-14T08:50:26
Kakamega Pricelist,Reo Travel Brown,2026-09-12,2026-09-26,2068.97,KES,True,KAKAMEGA,2026-09-14T08:50:26
Kakamega Pricelist,Reo Travel Green,2026-09-12,2026-09-26,2068.97,KES,True,KAKAMEGA,2026-09-14T08:50:26
Kakamega Pricelist,Reo Travel Grey,2026-09-12,2026-09-26,2068.97,KES,True,KAKAMEGA,2026-09-14T08:50:26
Kakamega Pricelist,Reo Travel Nude,2026-09-12,2026-09-26,2068.97,KES,True,KAKAMEGA,2026-09-14T08:50:26
Kakamega Pricelist,Sierra Handbag Wooven Black,2026-09-12,2026-09-26,1982.76,KES,True,KAKAMEGA,2026-09-14T08:50:26
Kakamega Pricelist,Sierra Handbag Wooven Brown,2026-09-12,2026-09-26,1982.76,KES,True,KAKAMEGA,2026-09-14T08:50:26
Kakamega Pricelist,Sierra Handbag Wooven Cream,2026-09-12,2026-09-26,1982.76,KES,True,KAKAMEGA,2026-09-14T08:50:26
Kakamega Pricelist,Sierra Handbag Wooven Maroon,2026-09-12,2026-09-26,1982.76,KES,True,KAKAMEGA,2026-09-14T08:50:26
Kakamega Pricelist,Sierra Handbag Wooven Mustard,2026-09-12,2026-09-26,1982.76,KES,True,KAKAMEGA,2026-09-14T08:50:26
Kakamega Pricelist,Zuri Beige,2026-09-12,2026-09-26,2758.62,KES,True,KAKAMEGA,2026-09-14T08:50:26
Kakamega Pricelist,Zuri Black,2026-09-12,2026-09-26,2758.62,KES,True,KAKAMEGA,2026-09-14T08:50:26
Kakamega Pricelist,Zuri Chocolate,2026-09-12,2026-09-26,2758.62,KES,True,KAKAMEGA,2026-09-14T08:50:26
Kakamega Pricelist,Zuri Cracked,2026-09-12,2026-09-26,2758.62,KES,True,KAKAMEGA,2026-09-14T08:50:26
Kakamega Pricelist,Zuri Dark Brown,2026-09-12,2026-09-26,2758.62,KES,True,KAKAMEGA,2026-09-14T08:50:26
Kakamega Pricelist,Zuri Grey,2026-09-12,2026-09-26,2758.62,KES,True,KAKAMEGA,2026-09-14T08:50:26
Kakamega Pricelist,Zuri Maroon,2026-09-12,2026-09-26,2758.62,KES,True,KAKAMEGA,2026-09-14T08:50:26
Kakamega Pricelist,Zuri Red,2026-09-12,2026-09-26,2758.62,KES,True,KAKAMEGA,2026-09-14T08:50:26
Kakamega Pricelist,Zuri Spice,2026-09-12,2026-09-26,2758.62,KES,True,KAKAMEGA,2026-09-14T08:50:26
Kisii Pricelist,Aurora Beige,2026-09-12,2026-09-26,1465.52,KES,True,KISII,2026-09-14T08:50:26
Kisii Pricelist,Aurora Black,2026-09-12,2026-09-26,1465.52,KES,True,KISII,2026-09-14T08:50:26
Kisii Pricelist,Aurora Chocolate,2026-09-12,2026-09-26,1465.52,KES,True,KISII,2026-09-14T08:50:26
Kisii Pricelist,Aurora Cracked,2026-09-12,2026-09-26,1465.52,KES,True,KISII,2026-09-14T08:50:26
Kisii Pricelist,Aurora Dark Brown,2026-09-12,2026-09-26,1465.52,KES,True,KISII,2026-09-14T08:50:26
Kisii Pricelist,Aurora Grey,2026-09-12,2026-09-26,1465.52,KES,True,KISII,2026-09-14T08:50:26
Kisii Pricelist,Aurora Maroon,2026-09-12,2026-09-26,1465.52,KES,True,KISII,2026-09-14T08:50:26
Kisii Pricelist,Aurora Red,2026-09-12,2026-09-26,1465.52,KES,True,KISII,2026-09-14T08:50:26
Kisii Pricelist,Aurora Spice,2026-09-12,2026-09-26,1465.52,KES,True,KISII,2026-09-14T08:50:26
Kisii Pricelist,Baby Bag Black,2026-09-12,2026-09-26,3620.69,KES,True,KISII,2026-09-14T08:50:26
Kisii Pricelist,Baby Bag Brown,2026-09-12,2026-09-26,3620.69,KES,True,KISII,2026-09-14T08:50:26
Kisii Pricelist,Baby Bag Green,2026-09-12,2026-09-26,3620.69,KES,True,KISII,2026-09-14T08:50:26
Kisii Pricelist,Baby Bag Grey,2026-09-12,2026-09-26,3620.69,KES,True,KISII,2026-09-14T08:50:26
Kisii Pricelist,Baby Bag Nude,2026-09-12,2026-09-26,3620.69,KES,True,KISII,2026-09-14T08:50:26
Kisii Pricelist,Baby Bag Red,2026-09-12,2026-09-26,3620.69,KES,True,KISII,2026-09-14T08:50:26
Kisii Pricelist,Big Man Bag Black,2026-09-12,2026-09-26,1465.52,KES,True,KISII,2026-09-14T08:50:26
Kisii Pricelist,Big Man Bag Brown,2026-09-12,2026-09-26,1465.52,KES,True,KISII,2026-09-14T08:50:26
Kisii Pricelist,Big Man Bag Green,2026-09-12,2026-09-26,1465.52,KES,True,KISII,2026-09-14T08:50:26
Kisii Pricelist,Big Man Bag Grey,2026-09-12,2026-09-26,1465.52,KES,True,KISII,2026-09-14T08:50:26
Kisii Pricelist,Big Man Bag Nude,2026-09-12,2026-09-26,1465.52,KES,True,KISII,2026-09-14T08:50:26
Kisii Pricelist,Big Man Bag Red,2026-09-12,2026-09-26,1465.52,KES,True,KISII,2026-09-14T08:50:26
Kisii Pricelist,Fabela Black,2026-09-12,2026-09-26,1724.14,KES,True,KISII,2026-09-14T08:50:26
Kisii Pricelist,Fabela Brown,2026-09-12,2026-09-26,1724.14,KES,True,KISII,2026-09-14T08:50:26
Kisii Pricelist,Fabela Green,2026-09-12,2026-09-26,1724.14,KES,True,KISII,2026-09-14T08:50:26
Kisii Pricelist,Fabela Grey,2026-09-12,2026-09-26,1724.14,KES,True,KISII,2026-09-14T08:50:26
Kisii Pricelist,Fabela Nude,2026-09-12,2026-09-26,1724.14,KES,True,KISII,2026-09-14T08:50:26
Kisii Pricelist,Lola Beige,2026-09-12,2026-09-26,1551.72,KES,True,KISII,2026-09-14T08:50:26
Kisii Pricelist,Lola Black,2026-09-12,2026-09-26,1551.72,KES,True,KISII,2026-09-14T08:50:26
Kisii Pricelist,Lola Choco,2026-09-12,2026-09-26,1551.72,KES,True,KISII,2026-09-14T08:50:26
Kisii Pricelist,Lola Cracked,2026-09-12,2026-09-26,1551.72,KES,True,KISII,2026-09-14T08:50:26
Kisii Pricelist,Lola Dark Brown,2026-09-12,2026-09-26,1551.72,KES,True,KISII,2026-09-14T08:50:26
Kisii Pricelist,Lola Grey,2026-09-12,2026-09-26,1551.72,KES,True,KISII,2026-09-14T08:50:26
Kisii Pricelist,Lola Maroon,2026-09-12,2026-09-26,1551.72,KES,True,KISII,2026-09-14T08:50:26
Kisii Pricelist,Lola Red,2026-09-12,2026-09-26,1551.72,KES,True,KISII,2026-09-14T08:50:26
Kisii Pricelist,Lola Spice,2026-09-12,2026-09-26,1551.72,KES,True,KISII,2026-09-14T08:50:26
Kisii Pricelist,Mega Black,2026-09-12,2026-09-26,2241.38,KES,True,KISII,2026-09-14T08:50:26
Kisii Pricelist,Mega Brown,2026-09-12,2026-09-26,2241.38,KES,True,KISII,2026-09-14T08:50:26
Kisii Pricelist,Mega Green,2026-09-12,2026-09-26,2241.38,KES,True,KISII,2026-09-14T08:50:26
Kisii Pricelist,Mega Grey,2026-09-12,2026-09-26,2241.38,KES,True,KISII,2026-09-14T08:50:26
Kisii Pricelist,Mega Nude,2026-09-12,2026-09-26,2241.38,KES,True,KISII,2026-09-14T08:50:26
Kisumu Pricelist,Aurora Beige,2026-09-12,2026-09-26,1465.52,KES,True,KISUMU,2026-09-14T08:50:26
Kisumu Pricelist,Aurora Black,2026-09-12,2026-09-26,1465.52,KES,True,KISUMU,2026-09-14T08:50:26
Kisumu Pricelist,Aurora Chocolate,2026-09-12,2026-09-26,1465.52,KES,True,KISUMU,2026-09-14T08:50:26
Kisumu Pricelist,Aurora Cracked,2026-09-12,2026-09-26,1465.52,KES,True,KISUMU,2026-09-14T08:50:26
Kisumu Pricelist,Aurora Dark Brown,2026-09-12,2026-09-26,1465.52,KES,True,KISUMU,2026-09-14T08:50:26
Kisumu Pricelist,Aurora Grey,2026-09-12,2026-09-26,1465.52,KES,True,KISUMU,2026-09-14T08:50:26
Kisumu Pricelist,Aurora Maroon,2026-09-12,2026-09-26,1465.52,KES,True,KISUMU,2026-09-14T08:50:26
Kisumu Pricelist,Aurora Red,2026-09-12,2026-09-26,1465.52,KES,True,KISUMU,2026-09-14T08:50:26
Kisumu Pricelist,Aurora Spice,2026-09-12,2026-09-26,1465.52,KES,True,KISUMU,2026-09-14T08:50:26
Kisumu Pricelist,Fabela Black,2026-09-12,2026-09-26,1724.14,KES,True,KISUMU,2026-09-14T08:50:26
Kisumu Pricelist,Fabela Brown,2026-09-12,2026-09-26,1724.14,KES,True,KISUMU,2026-09-14T08:50:26
Kisumu Pricelist,Fabela Green,2026-09-12,2026-09-26,1724.14,KES,True,KISUMU,2026-09-14T08:50:26
Kisumu Pricelist,Fabela Grey,2026-09-12,2026-09-26,1724.14,KES,True,KISUMU,2026-09-14T08:50:26
Kisumu Pricelist,Fabela Nude,2026-09-12,2026-09-26,1724.14,KES,True,KISUMU,2026-09-14T08:50:26
Kisumu Pricelist,Jade Antelope Brown,2026-09-12,2026-09-26,2327.59,KES,True,KISUMU,2026-09-14T08:50:26
Kisumu Pricelist,Jade Beige,2026-09-12,2026-09-26,2327.59,KES,True,KISUMU,2026-09-14T08:50:26
Kisumu Pricelist,Jade Black,2026-09-12,2026-09-26,2327.59,KES,True,KISUMU,2026-09-14T08:50:26
Kisumu Pricelist,Jade Chocolate,2026-09-12,2026-09-26,2327.59,KES,True,KISUMU,2026-09-14T08:50:26
Kisumu Pricelist,Jade Cracked,2026-09-12,2026-09-26,2327.59,KES,True,KISUMU,2026-09-14T08:50:26
Kisumu Pricelist,Jade Dark Brown,2026-09-12,2026-09-26,2327.59,KES,True,KISUMU,2026-09-14T08:50:26
Kisumu Pricelist,Jade Grey,2026-09-12,2026-09-26,2327.59,KES,True,KISUMU,2026-09-14T08:50:26
Kisumu Pricelist,Jade Red,2026-09-12,2026-09-26,2327.59,KES,True,KISUMU,2026-09-14T08:50:26
Kisumu Pricelist,Jade Spice,2026-09-12,2026-09-26,2327.59,KES,True,KISUMU,2026-09-14T08:50:26
Kisumu Pricelist,Neo Man Black,2026-09-12,2026-09-26,1034.48,KES,True,KISUMU,2026-09-14T08:50:26
Kisumu Pricelist,Neo Man Brown,2026-09-12,2026-09-26,1034.48,KES,True,KISUMU,2026-09-14T08:50:26
Kisumu Pricelist,Neo Man Cracked,2026-09-12,2026-09-26,1034.48,KES,True,KISUMU,2026-09-14T08:50:26
Kisumu Pricelist,Neo Man Green,2026-09-12,2026-09-26,1034.48,KES,True,KISUMU,2026-09-14T08:50:26
Kisumu Pricelist,Neo Man Grey,2026-09-12,2026-09-26,1034.48,KES,True,KISUMU,2026-09-14T08:50:26
Kisumu Pricelist,Neo Man Nude,2026-09-12,2026-09-26,1034.48,KES,True,KISUMU,2026-09-14T08:50:26
Kisumu Pricelist,Pioneer Black,2026-09-12,2026-09-26,1896.55,KES,True,KISUMU,2026-09-14T08:50:26
Kisumu Pricelist,Pioneer Brown,2026-09-12,2026-09-26,1896.55,KES,True,KISUMU,2026-09-14T08:50:26
Kisumu Pricelist,Pioneer CN Brown,2026-09-12,2026-09-26,1896.55,KES,True,KISUMU,2026-09-14T08:50:26
Kisumu Pricelist,Pioneer Green,2026-09-12,2026-09-26,1896.55,KES,True,KISUMU,2026-09-14T08:50:26
Kisumu Pricelist,Pioneer Grey,2026-09-12,2026-09-26,1896.55,KES,True,KISUMU,2026-09-14T08:50:26
Kisumu Pricelist,Pioneer Nude,2026-09-12,2026-09-26,1896.55,KES,True,KISUMU,2026-09-14T08:50:26
Kisumu Pricelist,Reo Travel Black,2026-09-12,2026-09-26,2068.97,KES,True,KISUMU,2026-09-14T08:50:26
Kisumu Pricelist,Reo Travel Brown,2026-09-12,2026-09-26,2068.97,KES,True,KISUMU,2026-09-14T08:50:26
Kisumu Pricelist,Reo Travel Green,2026-09-12,2026-09-26,2068.97,KES,True,KISUMU,2026-09-14T08:50:26
Kisumu Pricelist,Reo Travel Grey,2026-09-12,2026-09-26,2068.97,KES,True,KISUMU,2026-09-14T08:50:26
Kisumu Pricelist,Reo Travel Nude,2026-09-12,2026-09-26,2068.97,KES,True,KISUMU,2026-09-14T08:50:26
Kitengela Pricelist,Aria Sling Beige,2026-09-12,2026-09-26,1034.48,KES,True,"KITENGELA, MARKETING",2026-09-14T08:50:26
Kitengela Pricelist,Aria Sling Black,2026-09-12,2026-09-26,1034.48,KES,True,"KITENGELA, MARKETING",2026-09-14T08:50:26
Kitengela Pricelist,Aria Sling Chocolate,2026-09-12,2026-09-26,1034.48,KES,True,"KITENGELA, MARKETING",2026-09-14T08:50:26
Kitengela Pricelist,Aria Sling Cracked,2026-09-12,2026-09-26,1034.48,KES,True,"KITENGELA, MARKETING",2026-09-14T08:50:26
Kitengela Pricelist,Aria Sling Dark Brown,2026-09-12,2026-09-26,1034.48,KES,True,"KITENGELA, MARKETING",2026-09-14T08:50:26
Kitengela Pricelist,Aria Sling Green,2026-09-12,2026-09-26,1034.48,KES,True,"KITENGELA, MARKETING",2026-09-14T08:50:26
Kitengela Pricelist,Aria Sling Grey,2026-09-12,2026-09-26,1034.48,KES,True,"KITENGELA, MARKETING",2026-09-14T08:50:26
Kitengela Pricelist,Aria Sling Maroon,2026-09-12,2026-09-26,1034.48,KES,True,"KITENGELA, MARKETING",2026-09-14T08:50:26
Kitengela Pricelist,Aria Sling Red,2026-09-12,2026-09-26,1034.48,KES,True,"KITENGELA, MARKETING",2026-09-14T08:50:26
Kitengela Pricelist,Aria Sling Spice,2026-09-12,2026-09-26,1034.48,KES,True,"KITENGELA, MARKETING",2026-09-14T08:50:26
Kitengela Pricelist,Aurora Beige,2026-09-12,2026-09-26,1465.52,KES,True,"KITENGELA, MARKETING",2026-09-14T08:50:26
Kitengela Pricelist,Aurora Black,2026-09-12,2026-09-26,1465.52,KES,True,"KITENGELA, MARKETING",2026-09-14T08:50:26
Kitengela Pricelist,Aurora Chocolate,2026-09-12,2026-09-26,1465.52,KES,True,"KITENGELA, MARKETING",2026-09-14T08:50:26
Kitengela Pricelist,Aurora Cracked,2026-09-12,2026-09-26,1465.52,KES,True,"KITENGELA, MARKETING",2026-09-14T08:50:26
Kitengela Pricelist,Aurora Dark Brown,2026-09-12,2026-09-26,1465.52,KES,True,"KITENGELA, MARKETING",2026-09-14T08:50:26
Kitengela Pricelist,Aurora Grey,2026-09-12,2026-09-26,1465.52,KES,True,"KITENGELA, MARKETING",2026-09-14T08:50:26
Kitengela Pricelist,Aurora Grey,2026-09-12,2026-09-24,1465.52,KES,True,"KITENGELA, MARKETING",2026-09-27T20:11:21
Kitengela Pricelist,Aurora Maroon,2026-09-12,2026-09-26,1465.52,KES,True,"KITENGELA, MARKETING",2026-09-14T08:50:26
Kitengela Pricelist,Aurora Red,2026-09-12,2026-09-26,1465.52,KES,True,"KITENGELA, MARKETING",2026-09-14T08:50:26
Kitengela Pricelist,Aurora Spice,2026-09-12,2026-09-26,1465.52,KES,True,"KITENGELA, MARKETING",2026-09-14T08:50:26
Kitengela Pricelist,Kate Beige,2026-09-12,2026-09-26,1034.48,KES,True,"KITENGELA, MARKETING",2026-09-14T08:50:26
Kitengela Pricelist,Kate Black,2026-09-12,2026-09-26,1034.48,KES,True,"KITENGELA, MARKETING",2026-09-14T08:50:26
Kitengela Pricelist,Kate Chocolate,2026-09-12,2026-09-26,1034.48,KES,True,"KITENGELA, MARKETING",2026-09-14T08:50:26
Kitengela Pricelist,Kate Cracked,2026-09-12,2026-09-26,1034.48,KES,True,"KITENGELA, MARKETING",2026-09-14T08:50:26
Kitengela Pricelist,Kate Dark Brown,2026-09-12,2026-09-26,1034.48,KES,True,"KITENGELA, MARKETING",2026-09-14T08:50:26
Kitengela Pricelist,Kate Grey,2026-09-12,2026-09-26,1034.48,KES,True,"KITENGELA, MARKETING",2026-09-14T08:50:26
Kitengela Pricelist,Kate Maroon,2026-09-12,2026-09-26,1034.48,KES,True,"KITENGELA, MARKETING",2026-09-14T08:50:26
Kitengela Pricelist,Kate Red,2026-09-12,2026-09-26,1034.48,KES,True,"KITENGELA, MARKETING",2026-09-14T08:50:26
Kitengela Pricelist,Kate Spice,2026-09-12,2026-09-26,1034.48,KES,True,"KITENGELA, MARKETING",2026-09-14T08:50:26
Kitengela Pricelist,Liam Black,2026-09-12,2026-09-26,1465.52,KES,True,"KITENGELA, MARKETING",2026-09-14T08:50:26
Kitengela Pricelist,Liam Brown,2026-09-12,2026-09-26,1465.52,KES,True,"KITENGELA, MARKETING",2026-09-14T08:50:26
Kitengela Pricelist,Liam Green,2026-09-12,2026-09-26,1465.52,KES,True,"KITENGELA, MARKETING",2026-09-14T08:50:26
Kitengela Pricelist,Liam Grey,2026-09-12,2026-09-26,1465.52,KES,True,"KITENGELA, MARKETING",2026-09-14T08:50:26
Kitengela Pricelist,Liam Nude,2026-09-12,2026-09-26,1465.52,KES,True,"KITENGELA, MARKETING",2026-09-14T08:50:26
Kitengela Pricelist,Liam Red,2026-09-12,2026-09-26,1465.52,KES,True,"KITENGELA, MARKETING",2026-09-14T08:50:26
Kitengela Pricelist,Lola Beige,2026-09-12,2026-09-26,1551.72,KES,True,"KITENGELA, MARKETING",2026-09-14T08:50:26
Kitengela Pricelist,Lola Black,2026-09-12,2026-09-26,1551.72,KES,True,"KITENGELA, MARKETING",2026-09-14T08:50:26
Kitengela Pricelist,Lola Choco,2026-09-12,2026-09-26,1551.72,KES,True,"KITENGELA, MARKETING",2026-09-14T08:50:26
Kitengela Pricelist,Lola Cracked,2026-09-12,2026-09-26,1551.72,KES,True,"KITENGELA, MARKETING",2026-09-14T08:50:26
Kitengela Pricelist,Lola Dark Brown,2026-09-12,2026-09-26,1551.72,KES,True,"KITENGELA, MARKETING",2026-09-14T08:50:26
Kitengela Pricelist,Lola Grey,2026-09-12,2026-09-26,1551.72,KES,True,"KITENGELA, MARKETING",2026-09-14T08:50:26
Kitengela Pricelist,Lola Maroon,2026-09-12,2026-09-26,1551.72,KES,True,"KITENGELA, MARKETING",2026-09-14T08:50:26
Kitengela Pricelist,Lola Red,2026-09-12,2026-09-26,1551.72,KES,True,"KITENGELA, MARKETING",2026-09-14T08:50:26
Kitengela Pricelist,Lola Spice,2026-09-12,2026-09-26,1551.72,KES,True,"KITENGELA, MARKETING",2026-09-14T08:50:26
Kitengela Pricelist,Pioneer Black,2026-09-12,2026-09-26,1896.55,KES,True,"KITENGELA, MARKETING",2026-09-14T08:50:26
Kitengela Pricelist,Pioneer Brown,2026-09-12,2026-09-26,1896.55,KES,True,"KITENGELA, MARKETING",2026-09-14T08:50:26
Kitengela Pricelist,Pioneer CN Brown,2026-09-12,2026-09-26,1896.55,KES,True,"KITENGELA, MARKETING",2026-09-14T08:50:26
Kitengela Pricelist,Pioneer Green,2026-09-12,2026-09-26,1896.55,KES,True,"KITENGELA, MARKETING",2026-09-14T08:50:26
Kitengela Pricelist,Pioneer Grey,2026-09-12,2026-09-26,1896.55,KES,True,"KITENGELA, MARKETING",2026-09-14T08:50:26
Kitengela Pricelist,Pioneer Nude,2026-09-12,2026-09-26,1896.55,KES,True,"KITENGELA, MARKETING",2026-09-14T08:50:26
Meru Pricelist,Big Man Bag Black,2026-09-12,2026-09-26,1465.52,KES,True,MERU,2026-09-14T08:50:26
Meru Pricelist,Big Man Bag Brown,2026-09-12,2026-09-26,1465.52,KES,True,MERU,2026-09-14T08:50:26
Meru Pricelist,Big Man Bag Green,2026-09-12,2026-09-26,1465.52,KES,True,MERU,2026-09-14T08:50:26
Meru Pricelist,Big Man Bag Grey,2026-09-12,2026-09-26,1465.52,KES,True,MERU,2026-09-14T08:50:26
Meru Pricelist,Big Man Bag Nude,2026-09-12,2026-09-26,1465.52,KES,True,MERU,2026-09-14T08:50:26
Meru Pricelist,Big Man Bag Red,2026-09-12,2026-09-26,1465.52,KES,True,MERU,2026-09-14T08:50:26
Meru Pricelist,Gym Bag Black,2026-09-12,2026-09-26,1896.55,KES,True,MERU,2026-09-14T08:50:26
Meru Pricelist,Gym Bag Brown,2026-09-12,2026-09-26,1896.55,KES,True,MERU,2026-09-14T08:50:26
Meru Pricelist,Gym Bag Green,2026-09-12,2026-09-26,1896.55,KES,True,MERU,2026-09-14T08:50:26
Meru Pricelist,Gym Bag Grey,2026-09-12,2026-09-26,1896.55,KES,True,MERU,2026-09-14T08:50:26
Meru Pricelist,Gym Bag Nude,2026-09-12,2026-09-26,1896.55,KES,True,MERU,2026-09-14T08:50:26
Meru Pricelist,Kate Beige,2026-09-12,2026-09-26,1034.48,KES,True,MERU,2026-09-14T08:50:26
Meru Pricelist,Kate Black,2026-09-12,2026-09-26,1034.48,KES,True,MERU,2026-09-14T08:50:26
Meru Pricelist,Kate Chocolate,2026-09-12,2026-09-26,1034.48,KES,True,MERU,2026-09-14T08:50:26
Meru Pricelist,Kate Cracked,2026-09-12,2026-09-26,1034.48,KES,True,MERU,2026-09-14T08:50:26
Meru Pricelist,Kate Dark Brown,2026-09-12,2026-09-26,1034.48,KES,True,MERU,2026-09-14T08:50:26
Meru Pricelist,Kate Grey,2026-09-12,2026-09-26,1034.48,KES,True,MERU,2026-09-14T08:50:26
Meru Pricelist,Kate Maroon,2026-09-12,2026-09-26,1034.48,KES,True,MERU,2026-09-14T08:50:26
Meru Pricelist,Kate Red,2026-09-12,2026-09-26,1034.48,KES,True,MERU,2026-09-14T08:50:26
Meru Pricelist,Kate Spice,2026-09-12,2026-09-26,1034.48,KES,True,MERU,2026-09-14T08:50:26
Meru Pricelist,Lola Beige,2026-09-12,2026-09-26,1551.72,KES,True,MERU,2026-09-14T08:50:26
Meru Pricelist,Lola Black,2026-09-12,2026-09-26,1551.72,KES,True,MERU,2026-09-14T08:50:26
Meru Pricelist,Lola Choco,2026-09-12,2026-09-26,1551.72,KES,True,MERU,2026-09-14T08:50:26
Meru Pricelist,Lola Cracked,2026-09-12,2026-09-26,1551.72,KES,True,MERU,2026-09-14T08:50:26
Meru Pricelist,Lola Dark Brown,2026-09-12,2026-09-26,1551.72,KES,True,MERU,2026-09-14T08:50:26
Meru Pricelist,Lola Grey,2026-09-12,2026-09-26,1551.72,KES,True,MERU,2026-09-14T08:50:26
Meru Pricelist,Lola Maroon,2026-09-12,2026-09-26,1551.72,KES,True,MERU,2026-09-14T08:50:26
Meru Pricelist,Lola Red,2026-09-12,2026-09-26,1551.72,KES,True,MERU,2026-09-14T08:50:26
Meru Pricelist,Lola Spice,2026-09-12,2026-09-26,1551.72,KES,True,MERU,2026-09-14T08:50:26
Meru Pricelist,Neo Man Black,2026-09-12,2026-09-26,1034.48,KES,True,MERU,2026-09-14T08:50:26
Meru Pricelist,Neo Man Brown,2026-09-12,2026-09-26,1034.48,KES,True,MERU,2026-09-14T08:50:26
Meru Pricelist,Neo Man Cracked,2026-09-12,2026-09-26,1034.48,KES,True,MERU,2026-09-14T08:50:26
Meru Pricelist,Neo Man Green,2026-09-12,2026-09-26,1034.48,KES,True,MERU,2026-09-14T08:50:26
Meru Pricelist,Neo Man Grey,2026-09-12,2026-09-26,1034.48,KES,True,MERU,2026-09-14T08:50:26
Meru Pricelist,Neo Man Nude,2026-09-12,2026-09-26,1034.48,KES,True,MERU,2026-09-14T08:50:26
Meru Pricelist,Trecento Beige,2026-09-12,2026-09-26,1465.52,KES,True,MERU,2026-09-14T08:50:26
Meru Pricelist,Trecento Black,2026-09-12,2026-09-26,1465.52,KES,True,MERU,2026-09-14T08:50:26
Meru Pricelist,Trecento Chocolate,2026-09-12,2026-09-26,1465.52,KES,True,MERU,2026-09-14T08:50:26
Meru Pricelist,Trecento Cracked,2026-09-12,2026-09-26,1465.52,KES,True,MERU,2026-09-14T08:50:26
Meru Pricelist,Trecento Dark Brown,2026-09-12,2026-09-26,1465.52,KES,True,MERU,2026-09-14T08:50:26
Meru Pricelist,Trecento Grey,2026-09-12,2026-09-26,1465.52,KES,True,MERU,2026-09-14T08:50:26
Meru Pricelist,Trecento Red,2026-09-12,2026-09-26,1465.52,KES,True,MERU,2026-09-14T08:50:26
Meru Pricelist,Trecento Spice,2026-09-12,2026-09-26,1465.52,KES,True,MERU,2026-09-14T08:50:26
Mombasa Pricelist,Aria Sling Beige,2026-09-12,2026-09-26,1034.48,KES,True,MOMBASA,2026-09-14T08:50:26
Mombasa Pricelist,Aria Sling Black,2026-09-12,2026-09-26,1034.48,KES,True,MOMBASA,2026-09-14T08:50:26
Mombasa Pricelist,Aria Sling Chocolate,2026-09-12,2026-09-26,1034.48,KES,True,MOMBASA,2026-09-14T08:50:26
Mombasa Pricelist,Aria Sling Cracked,2026-09-12,2026-09-26,1034.48,KES,True,MOMBASA,2026-09-14T08:50:26
Mombasa Pricelist,Aria Sling Dark Brown,2026-09-12,2026-09-26,1034.48,KES,True,MOMBASA,2026-09-14T08:50:26
Mombasa Pricelist,Aria Sling Green,2026-09-12,2026-09-26,1034.48,KES,True,MOMBASA,2026-09-14T08:50:26
Mombasa Pricelist,Aria Sling Grey,2026-09-12,2026-09-26,1034.48,KES,True,MOMBASA,2026-09-14T08:50:26
Mombasa Pricelist,Aria Sling Maroon,2026-09-12,2026-09-26,1034.48,KES,True,MOMBASA,2026-09-14T08:50:26
Mombasa Pricelist,Aria Sling Red,2026-09-12,2026-09-26,1034.48,KES,True,MOMBASA,2026-09-14T08:50:26
Mombasa Pricelist,Aria Sling Spice,2026-09-12,2026-09-26,1034.48,KES,True,MOMBASA,2026-09-14T08:50:26
Mombasa Pricelist,Belt Bag Black,2026-09-12,2026-09-26,862.07,KES,True,MOMBASA,2026-09-14T08:50:26
Mombasa Pricelist,Belt Bag Chocolate,2026-09-12,2026-09-26,862.07,KES,True,MOMBASA,2026-09-14T08:50:26
Mombasa Pricelist,Belt Bag Cracked,2026-09-12,2026-09-26,862.07,KES,True,MOMBASA,2026-09-14T08:50:26
Mombasa Pricelist,Belt Bag Dark Brown,2026-09-12,2026-09-26,862.07,KES,True,MOMBASA,2026-09-14T08:50:26
Mombasa Pricelist,Belt Bag Grey,2026-09-12,2026-09-26,862.07,KES,True,MOMBASA,2026-09-14T08:50:26
Mombasa Pricelist,Belt Bag Nude,2026-09-12,2026-09-26,862.07,KES,True,MOMBASA,2026-09-14T08:50:26
Mombasa Pricelist,Belt Bag Red,2026-09-12,2026-09-26,862.07,KES,True,MOMBASA,2026-09-14T08:50:26
Mombasa Pricelist,Belt Bag Spice,2026-09-12,2026-09-26,862.07,KES,True,MOMBASA,2026-09-14T08:50:26
Mombasa Pricelist,Fabela Black,2026-09-12,2026-09-26,1724.14,KES,True,MOMBASA,2026-09-14T08:50:26
Mombasa Pricelist,Fabela Brown,2026-09-12,2026-09-26,1724.14,KES,True,MOMBASA,2026-09-14T08:50:26
Mombasa Pricelist,Fabela Green,2026-09-12,2026-09-26,1724.14,KES,True,MOMBASA,2026-09-14T08:50:26
Mombasa Pricelist,Fabela Grey,2026-09-12,2026-09-26,1724.14,KES,True,MOMBASA,2026-09-14T08:50:26
Mombasa Pricelist,Fabela Nude,2026-09-12,2026-09-26,1724.14,KES,True,MOMBASA,2026-09-14T08:50:26
Mombasa Pricelist,Kai Antelope Brown,2026-09-12,2026-09-26,2068.97,KES,True,MOMBASA,2026-09-14T08:50:26
Mombasa Pricelist,Kai Beige,2026-09-12,2026-09-26,2068.97,KES,True,MOMBASA,2026-09-14T08:50:26
Mombasa Pricelist,Kai Black,2026-09-12,2026-09-26,2068.97,KES,True,MOMBASA,2026-09-14T08:50:26
Mombasa Pricelist,Kai Brown,2026-09-12,2026-09-26,2068.97,KES,True,MOMBASA,2026-09-14T08:50:26
Mombasa Pricelist,Kai Green,2026-09-12,2026-09-26,2068.97,KES,True,MOMBASA,2026-09-14T08:50:26
Mombasa Pricelist,Kai Grey,2026-09-12,2026-09-26,2068.97,KES,True,MOMBASA,2026-09-14T08:50:26
Mombasa Pricelist,Liam Black,2026-09-12,2026-09-26,1465.52,KES,True,MOMBASA,2026-09-14T08:50:26
Mombasa Pricelist,Liam Brown,2026-09-12,2026-09-26,1465.52,KES,True,MOMBASA,2026-09-14T08:50:26
Mombasa Pricelist,Liam Green,2026-09-12,2026-09-26,1465.52,KES,True,MOMBASA,2026-09-14T08:50:26
Mombasa Pricelist,Liam Grey,2026-09-12,2026-09-26,1465.52,KES,True,MOMBASA,2026-09-14T08:50:26
Mombasa Pricelist,Liam Nude,2026-09-12,2026-09-26,1465.52,KES,True,MOMBASA,2026-09-14T08:50:26
Mombasa Pricelist,Liam Red,2026-09-12,2026-09-26,1465.52,KES,True,MOMBASA,2026-09-14T08:50:26
Mombasa Pricelist,Lola Beige,2026-09-12,2026-09-26,1551.72,KES,True,MOMBASA,2026-09-14T08:50:26
Mombasa Pricelist,Lola Black,2026-09-12,2026-09-26,1551.72,KES,True,MOMBASA,2026-09-14T08:50:26
Mombasa Pricelist,Lola Choco,2026-09-12,2026-09-26,1551.72,KES,True,MOMBASA,2026-09-14T08:50:26
Mombasa Pricelist,Lola Cracked,2026-09-12,2026-09-26,1551.72,KES,True,MOMBASA,2026-09-14T08:50:26
Mombasa Pricelist,Lola Dark Brown,2026-09-12,2026-09-26,1551.72,KES,True,MOMBASA,2026-09-14T08:50:26
Mombasa Pricelist,Lola Grey,2026-09-12,2026-09-26,1551.72,KES,True,MOMBASA,2026-09-14T08:50:26
Mombasa Pricelist,Lola Maroon,2026-09-12,2026-09-26,1551.72,KES,True,MOMBASA,2026-09-14T08:50:26
Mombasa Pricelist,Lola Red,2026-09-12,2026-09-26,1551.72,KES,True,MOMBASA,2026-09-14T08:50:26
Mombasa Pricelist,Lola Spice,2026-09-12,2026-09-26,1551.72,KES,True,MOMBASA,2026-09-14T08:50:26
Nairobi CBD Pricelist,Aurora Beige,2026-09-12,2026-09-26,1465.52,KES,True,"HAZINA, HILTON, KTDA Shop, STARMALL",2026-09-14T08:50:26
Nairobi CBD Pricelist,Aurora Black,2026-09-12,2026-09-26,1465.52,KES,True,"HAZINA, HILTON, KTDA Shop, STARMALL",2026-09-14T08:50:26
Nairobi CBD Pricelist,Aurora Chocolate,2026-09-12,2026-09-26,1465.52,KES,True,"HAZINA, HILTON, KTDA Shop, STARMALL",2026-09-14T08:50:26
Nairobi CBD Pricelist,Aurora Cracked,2026-09-12,2026-09-26,1465.52,KES,True,"HAZINA, HILTON, KTDA Shop, STARMALL",2026-09-14T08:50:26
Nairobi CBD Pricelist,Aurora Dark Brown,2026-09-12,2026-09-26,1465.52,KES,True,"HAZINA, HILTON, KTDA Shop, STARMALL",2026-09-14T08:50:26
Nairobi CBD Pricelist,Aurora Grey,2026-09-12,2026-09-26,1465.52,KES,True,"HAZINA, HILTON, KTDA Shop, STARMALL",2026-09-14T08:50:26
Nairobi CBD Pricelist,Aurora Maroon,2026-09-12,2026-09-26,1465.52,KES,True,"HAZINA, HILTON, KTDA Shop, STARMALL",2026-09-14T08:50:26
Nairobi CBD Pricelist,Aurora Red,2026-09-12,2026-09-26,1465.52,KES,True,"HAZINA, HILTON, KTDA Shop, STARMALL",2026-09-14T08:50:26
Nairobi CBD Pricelist,Aurora Spice,2026-09-12,2026-09-26,1465.52,KES,True,"HAZINA, HILTON, KTDA Shop, STARMALL",2026-09-14T08:50:26
Nairobi CBD Pricelist,Belt Bag Black,2026-09-12,2026-09-26,1034.48,KES,True,"HAZINA, HILTON, KTDA Shop, STARMALL",2026-09-14T08:50:26
Nairobi CBD Pricelist,Belt Bag Chocolate,2026-09-12,2026-09-26,1034.48,KES,True,"HAZINA, HILTON, KTDA Shop, STARMALL",2026-09-14T08:50:26
Nairobi CBD Pricelist,Belt Bag Cracked,2026-09-12,2026-09-26,1034.48,KES,True,"HAZINA, HILTON, KTDA Shop, STARMALL",2026-09-14T08:50:26
Nairobi CBD Pricelist,Belt Bag Dark Brown,2026-09-12,2026-09-26,1034.48,KES,True,"HAZINA, HILTON, KTDA Shop, STARMALL",2026-09-14T08:50:26
Nairobi CBD Pricelist,Belt Bag Grey,2026-09-12,2026-09-26,1034.48,KES,True,"HAZINA, HILTON, KTDA Shop, STARMALL",2026-09-14T08:50:26
Nairobi CBD Pricelist,Belt Bag Nude,2026-09-12,2026-09-26,1034.48,KES,True,"HAZINA, HILTON, KTDA Shop, STARMALL",2026-09-14T08:50:26
Nairobi CBD Pricelist,Belt Bag Red,2026-09-12,2026-09-26,1034.48,KES,True,"HAZINA, HILTON, KTDA Shop, STARMALL",2026-09-14T08:50:26
Nairobi CBD Pricelist,Belt Bag Spice,2026-09-12,2026-09-26,1034.48,KES,True,"HAZINA, HILTON, KTDA Shop, STARMALL",2026-09-14T08:50:26
Nairobi CBD Pricelist,Fabela Black,2026-09-12,2026-09-26,1724.14,KES,True,"HAZINA, HILTON, KTDA Shop, STARMALL",2026-09-14T08:50:26
Nairobi CBD Pricelist,Fabela Brown,2026-09-12,2026-09-26,1724.14,KES,True,"HAZINA, HILTON, KTDA Shop, STARMALL",2026-09-14T08:50:26
Nairobi CBD Pricelist,Fabela Green,2026-09-12,2026-09-26,1724.14,KES,True,"HAZINA, HILTON, KTDA Shop, STARMALL",2026-09-14T08:50:26
Nairobi CBD Pricelist,Fabela Grey,2026-09-12,2026-09-26,1724.14,KES,True,"HAZINA, HILTON, KTDA Shop, STARMALL",2026-09-14T08:50:26
Nairobi CBD Pricelist,Fabela Nude,2026-09-12,2026-09-26,1724.14,KES,True,"HAZINA, HILTON, KTDA Shop, STARMALL",2026-09-14T08:50:26
Nairobi CBD Pricelist,Kai Antelope Brown,2026-09-12,2026-09-26,2068.97,KES,True,"HAZINA, HILTON, KTDA Shop, STARMALL",2026-09-14T08:50:26
Nairobi CBD Pricelist,Kai Beige,2026-09-12,2026-09-26,2068.97,KES,True,"HAZINA, HILTON, KTDA Shop, STARMALL",2026-09-14T08:50:26
Nairobi CBD Pricelist,Kai Black,2026-09-12,2026-09-26,2068.97,KES,True,"HAZINA, HILTON, KTDA Shop, STARMALL",2026-09-14T08:50:26
Nairobi CBD Pricelist,Kai Brown,2026-09-12,2026-09-26,2068.97,KES,True,"HAZINA, HILTON, KTDA Shop, STARMALL",2026-09-14T08:50:26
Nairobi CBD Pricelist,Kai Green,2026-09-12,2026-09-26,2068.97,KES,True,"HAZINA, HILTON, KTDA Shop, STARMALL",2026-09-14T08:50:26
Nairobi CBD Pricelist,Kai Grey,2026-09-12,2026-09-26,2068.97,KES,True,"HAZINA, HILTON, KTDA Shop, STARMALL",2026-09-14T08:50:26
Nairobi CBD Pricelist,Lola Beige,2026-09-12,2026-09-26,1551.72,KES,True,"HAZINA, HILTON, KTDA Shop, STARMALL",2026-09-14T08:50:26
Nairobi CBD Pricelist,Lola Black,2026-09-12,2026-09-26,1551.72,KES,True,"HAZINA, HILTON, KTDA Shop, STARMALL",2026-09-14T08:50:26
Nairobi CBD Pricelist,Lola Choco,2026-09-12,2026-09-26,1551.72,KES,True,"HAZINA, HILTON, KTDA Shop, STARMALL",2026-09-14T08:50:26
Nairobi CBD Pricelist,Lola Cracked,2026-09-12,2026-09-26,1551.72,KES,True,"HAZINA, HILTON, KTDA Shop, STARMALL",2026-09-14T08:50:26
Nairobi CBD Pricelist,Lola Dark Brown,2026-09-12,2026-09-26,1551.72,KES,True,"HAZINA, HILTON, KTDA Shop, STARMALL",2026-09-14T08:50:26
Nairobi CBD Pricelist,Lola Grey,2026-09-12,2026-09-26,1551.72,KES,True,"HAZINA, HILTON, KTDA Shop, STARMALL",2026-09-14T08:50:26
Nairobi CBD Pricelist,Lola Maroon,2026-09-12,2026-09-26,1551.72,KES,True,"HAZINA, HILTON, KTDA Shop, STARMALL",2026-09-14T08:50:26
Nairobi CBD Pricelist,Lola Red,2026-09-12,2026-09-26,1551.72,KES,True,"HAZINA, HILTON, KTDA Shop, STARMALL",2026-09-14T08:50:26
Nairobi CBD Pricelist,Lola Spice,2026-09-12,2026-09-26,1551.72,KES,True,"HAZINA, HILTON, KTDA Shop, STARMALL",2026-09-14T08:50:26
Nairobi CBD Pricelist,Sierra Handbag Wooven Black,2026-09-12,2026-09-26,1982.76,KES,True,"HAZINA, HILTON, KTDA Shop, STARMALL",2026-09-14T08:50:26
Nairobi CBD Pricelist,Sierra Handbag Wooven Brown,2026-09-12,2026-09-26,1982.76,KES,True,"HAZINA, HILTON, KTDA Shop, STARMALL",2026-09-14T08:50:26
Nairobi CBD Pricelist,Sierra Handbag Wooven Cream,2026-09-12,2026-09-26,1982.76,KES,True,"HAZINA, HILTON, KTDA Shop, STARMALL",2026-09-14T08:50:26
Nairobi CBD Pricelist,Sierra Handbag Wooven Maroon,2026-09-12,2026-09-26,1982.76,KES,True,"HAZINA, HILTON, KTDA Shop, STARMALL",2026-09-14T08:50:26
Nairobi CBD Pricelist,Sierra Handbag Wooven Mustard,2026-09-12,2026-09-26,1982.76,KES,True,"HAZINA, HILTON, KTDA Shop, STARMALL",2026-09-14T08:50:26
Nakuru Pricelist,Fabela Black,2026-09-12,2026-09-26,1724.14,KES,True,NAKURU,2026-09-14T08:50:26
Nakuru Pricelist,Fabela Brown,2026-09-12,2026-09-26,1724.14,KES,True,NAKURU,2026-09-14T08:50:26
Nakuru Pricelist,Fabela Green,2026-09-12,2026-09-26,1724.14,KES,True,NAKURU,2026-09-14T08:50:26
Nakuru Pricelist,Fabela Grey,2026-09-12,2026-09-26,1724.14,KES,True,NAKURU,2026-09-14T08:50:26
Nakuru Pricelist,Fabela Nude,2026-09-12,2026-09-26,1724.14,KES,True,NAKURU,2026-09-14T08:50:26
Nakuru Pricelist,Leila Beige,2026-09-12,2026-09-26,1034.48,KES,True,NAKURU,2026-09-14T08:50:26
Nakuru Pricelist,Leila Black,2026-09-12,2026-09-26,1034.48,KES,True,NAKURU,2026-09-14T08:50:26
Nakuru Pricelist,Leila Chocolate,2026-09-12,2026-09-26,1034.48,KES,True,NAKURU,2026-09-14T08:50:26
Nakuru Pricelist,Leila Cracked,2026-09-12,2026-09-26,1034.48,KES,True,NAKURU,2026-09-14T08:50:26
Nakuru Pricelist,Leila Dark Brown,2026-09-12,2026-09-26,1034.48,KES,True,NAKURU,2026-09-14T08:50:26
Nakuru Pricelist,Leila Grey,2026-09-12,2026-09-26,1034.48,KES,True,NAKURU,2026-09-14T08:50:26
Nakuru Pricelist,Leila Red,2026-09-12,2026-09-26,1034.48,KES,True,NAKURU,2026-09-14T08:50:26
Nakuru Pricelist,Leila Spice,2026-09-12,2026-09-26,1034.48,KES,True,NAKURU,2026-09-14T08:50:26
Nakuru Pricelist,Lola Beige,2026-09-12,2026-09-26,1551.72,KES,True,NAKURU,2026-09-14T08:50:26
Nakuru Pricelist,Lola Black,2026-09-12,2026-09-26,1551.72,KES,True,NAKURU,2026-09-14T08:50:26
Nakuru Pricelist,Lola Choco,2026-09-12,2026-09-26,1551.72,KES,True,NAKURU,2026-09-14T08:50:26
Nakuru Pricelist,Lola Cracked,2026-09-12,2026-09-26,1551.72,KES,True,NAKURU,2026-09-14T08:50:26
Nakuru Pricelist,Lola Dark Brown,2026-09-12,2026-09-26,1551.72,KES,True,NAKURU,2026-09-14T08:50:26
Nakuru Pricelist,Lola Grey,2026-09-12,2026-09-26,1551.72,KES,True,NAKURU,2026-09-14T08:50:26
Nakuru Pricelist,Lola Maroon,2026-09-12,2026-09-26,1551.72,KES,True,NAKURU,2026-09-14T08:50:26
Nakuru Pricelist,Lola Red,2026-09-12,2026-09-26,1551.72,KES,True,NAKURU,2026-09-14T08:50:26
Nakuru Pricelist,Lola Spice,2026-09-12,2026-09-26,1551.72,KES,True,NAKURU,2026-09-14T08:50:26
Nakuru Pricelist,Moon Bag Beige,2026-09-12,2026-09-26,1034.48,KES,True,NAKURU,2026-09-14T08:50:26
Nakuru Pricelist,Moon Bag Black,2026-09-12,2026-09-26,1034.48,KES,True,NAKURU,2026-09-14T08:50:26
Nakuru Pricelist,Moon Bag Chocolate Brown,2026-09-12,2026-09-26,1034.48,KES,True,NAKURU,2026-09-14T08:50:26
Nakuru Pricelist,Moon Bag Cracked,2026-09-12,2026-09-26,1034.48,KES,True,NAKURU,2026-09-14T08:50:26
Nakuru Pricelist,Moon Bag Dark Brown,2026-09-12,2026-09-26,1034.48,KES,True,NAKURU,2026-09-14T08:50:26
Nakuru Pricelist,Moon Bag Grey,2026-09-12,2026-09-26,1034.48,KES,True,NAKURU,2026-09-14T08:50:26
Nakuru Pricelist,Moon Bag Maroon,2026-09-12,2026-09-26,1034.48,KES,True,NAKURU,2026-09-14T08:50:26
Nakuru Pricelist,Moon Bag Red,2026-09-12,2026-09-26,1034.48,KES,True,NAKURU,2026-09-14T08:50:26
Nakuru Pricelist,Moon Bag Spice,2026-09-12,2026-09-26,1034.48,KES,True,NAKURU,2026-09-14T08:50:26
Nakuru Pricelist,Pioneer Black,2026-09-12,2026-09-26,1896.55,KES,True,NAKURU,2026-09-14T08:50:26
Nakuru Pricelist,Pioneer Brown,2026-09-12,2026-09-26,1896.55,KES,True,NAKURU,2026-09-14T08:50:26
Nakuru Pricelist,Pioneer CN Brown,2026-09-12,2026-09-26,1896.55,KES,True,NAKURU,2026-09-14T08:50:26
Nakuru Pricelist,Pioneer Green,2026-09-12,2026-09-26,1896.55,KES,True,NAKURU,2026-09-14T08:50:26
Nakuru Pricelist,Pioneer Grey,2026-09-12,2026-09-26,1896.55,KES,True,NAKURU,2026-09-14T08:50:26
Nakuru Pricelist,Pioneer Nude,2026-09-12,2026-09-26,1896.55,KES,True,NAKURU,2026-09-14T08:50:26
Nakuru Pricelist,Trecento Beige,2026-09-12,2026-09-26,1465.52,KES,True,NAKURU,2026-09-14T08:50:26
Nakuru Pricelist,Trecento Black,2026-09-12,2026-09-26,1465.52,KES,True,NAKURU,2026-09-14T08:50:26
Nakuru Pricelist,Trecento Chocolate,2026-09-12,2026-09-26,1465.52,KES,True,NAKURU,2026-09-14T08:50:26
Nakuru Pricelist,Trecento Cracked,2026-09-12,2026-09-26,1465.52,KES,True,NAKURU,2026-09-14T08:50:26
Nakuru Pricelist,Trecento Dark Brown,2026-09-12,2026-09-26,1465.52,KES,True,NAKURU,2026-09-14T08:50:26
Nakuru Pricelist,Trecento Grey,2026-09-12,2026-09-26,1465.52,KES,True,NAKURU,2026-09-14T08:50:26
Nakuru Pricelist,Trecento Red,2026-09-12,2026-09-26,1465.52,KES,True,NAKURU,2026-09-14T08:50:26
Nakuru Pricelist,Trecento Spice,2026-09-12,2026-09-26,1465.52,KES,True,NAKURU,2026-09-14T08:50:26
Nanyuki Pricelist,Big Man Bag Black,2026-09-12,2026-09-26,1465.52,KES,True,NANYUKI,2026-09-14T08:50:26
Nanyuki Pricelist,Big Man Bag Brown,2026-09-12,2026-09-26,1465.52,KES,True,NANYUKI,2026-09-14T08:50:26
Nanyuki Pricelist,Big Man Bag Green,2026-09-12,2026-09-26,1465.52,KES,True,NANYUKI,2026-09-14T08:50:26
Nanyuki Pricelist,Big Man Bag Grey,2026-09-12,2026-09-26,1465.52,KES,True,NANYUKI,2026-09-14T08:50:26
Nanyuki Pricelist,Big Man Bag Nude,2026-09-12,2026-09-26,1465.52,KES,True,NANYUKI,2026-09-14T08:50:26
Nanyuki Pricelist,Big Man Bag Red,2026-09-12,2026-09-26,1465.52,KES,True,NANYUKI,2026-09-14T08:50:26
Nanyuki Pricelist,Butterfly Sling Beige,2026-09-12,2026-09-26,1034.48,KES,True,NANYUKI,2026-09-14T08:50:26
Nanyuki Pricelist,Butterfly Sling Black,2026-09-12,2026-09-26,1034.48,KES,True,NANYUKI,2026-09-14T08:50:26
Nanyuki Pricelist,Butterfly Sling Chocolate,2026-09-12,2026-09-26,1034.48,KES,True,NANYUKI,2026-09-14T08:50:26
Nanyuki Pricelist,Butterfly Sling Cracked,2026-09-12,2026-09-26,1034.48,KES,True,NANYUKI,2026-09-14T08:50:26
Nanyuki Pricelist,Butterfly Sling Dark Brown,2026-09-12,2026-09-26,1034.48,KES,True,NANYUKI,2026-09-14T08:50:26
Nanyuki Pricelist,Butterfly Sling Grey,2026-09-12,2026-09-26,1034.48,KES,True,NANYUKI,2026-09-14T08:50:26
Nanyuki Pricelist,Butterfly Sling Red,2026-09-12,2026-09-26,1034.48,KES,True,NANYUKI,2026-09-14T08:50:26
Nanyuki Pricelist,Butterfly Sling Spice,2026-09-12,2026-09-26,1034.48,KES,True,NANYUKI,2026-09-14T08:50:26
Nanyuki Pricelist,Claire Handbag Beige,2026-09-12,2026-09-26,2241.38,KES,True,NANYUKI,2026-09-14T08:50:26
Nanyuki Pricelist,Claire Handbag Black,2026-09-12,2026-09-26,2241.38,KES,True,NANYUKI,2026-09-14T08:50:26
Nanyuki Pricelist,Claire Handbag Cracked,2026-09-12,2026-09-26,2241.38,KES,True,NANYUKI,2026-09-14T08:50:26
Nanyuki Pricelist,Claire Handbag Dark Brown,2026-09-12,2026-09-26,2241.38,KES,True,NANYUKI,2026-09-14T08:50:26
Nanyuki Pricelist,Claire Handbag Grey,2026-09-12,2026-09-26,2241.38,KES,True,NANYUKI,2026-09-14T08:50:26
Nanyuki Pricelist,Claire Handbag Red,2026-09-12,2026-09-26,2241.38,KES,True,NANYUKI,2026-09-14T08:50:26
Nanyuki Pricelist,Claire Handbag Spice,2026-09-12,2026-09-26,2241.38,KES,True,NANYUKI,2026-09-14T08:50:26
Nanyuki Pricelist,Fabela Black,2026-09-12,2026-09-26,1724.14,KES,True,NANYUKI,2026-09-14T08:50:26
Nanyuki Pricelist,Fabela Brown,2026-09-12,2026-09-26,1724.14,KES,True,NANYUKI,2026-09-14T08:50:26
Nanyuki Pricelist,Fabela Green,2026-09-12,2026-09-26,1724.14,KES,True,NANYUKI,2026-09-14T08:50:26
Nanyuki Pricelist,Fabela Grey,2026-09-12,2026-09-26,1724.14,KES,True,NANYUKI,2026-09-14T08:50:26
Nanyuki Pricelist,Fabela Nude,2026-09-12,2026-09-26,1724.14,KES,True,NANYUKI,2026-09-14T08:50:26
Nanyuki Pricelist,Prime Black,2026-09-12,2026-09-26,2068.97,KES,True,NANYUKI,2026-09-14T08:50:26
Nanyuki Pricelist,Prime Brown,2026-09-12,2026-09-26,2068.97,KES,True,NANYUKI,2026-09-14T08:50:26
Nanyuki Pricelist,Prime CN Brown,2026-09-12,2026-09-26,2068.97,KES,True,NANYUKI,2026-09-14T08:50:26
Nanyuki Pricelist,Prime Green,2026-09-12,2026-09-26,2068.97,KES,True,NANYUKI,2026-09-14T08:50:26
Nanyuki Pricelist,Prime Grey,2026-09-12,2026-09-26,2068.97,KES,True,NANYUKI,2026-09-14T08:50:26
Nanyuki Pricelist,Prime Nude,2026-09-12,2026-09-26,2068.97,KES,True,NANYUKI,2026-09-14T08:50:26
Nanyuki Pricelist,Prime Red,2026-09-12,2026-09-26,2068.97,KES,True,NANYUKI,2026-09-14T08:50:26
Nanyuki Pricelist,Trecento Beige,2026-09-12,2026-09-26,1465.52,KES,True,NANYUKI,2026-09-14T08:50:26
Nanyuki Pricelist,Trecento Black,2026-09-12,2026-09-26,1465.52,KES,True,NANYUKI,2026-09-14T08:50:26
Nanyuki Pricelist,Trecento Chocolate,2026-09-12,2026-09-26,1465.52,KES,True,NANYUKI,2026-09-14T08:50:26
Nanyuki Pricelist,Trecento Cracked,2026-09-12,2026-09-26,1465.52,KES,True,NANYUKI,2026-09-14T08:50:26
Nanyuki Pricelist,Trecento Dark Brown,2026-09-12,2026-09-26,1465.52,KES,True,NANYUKI,2026-09-14T08:50:26
Nanyuki Pricelist,Trecento Grey,2026-09-12,2026-09-26,1465.52,KES,True,NANYUKI,2026-09-14T08:50:26
Nanyuki Pricelist,Trecento Red,2026-09-12,2026-09-26,1465.52,KES,True,NANYUKI,2026-09-14T08:50:26
Nanyuki Pricelist,Trecento Spice,2026-09-12,2026-09-26,1465.52,KES,True,NANYUKI,2026-09-14T08:50:26
Rongai Pricelist,Aria Sling Beige,2026-09-12,2026-09-26,1034.48,KES,True,RONGAI,2026-09-14T08:50:26
Rongai Pricelist,Aria Sling Black,2026-09-12,2026-09-26,1034.48,KES,True,RONGAI,2026-09-14T08:50:26
Rongai Pricelist,Aria Sling Chocolate,2026-09-12,2026-09-26,1034.48,KES,True,RONGAI,2026-09-14T08:50:26
Rongai Pricelist,Aria Sling Cracked,2026-09-12,2026-09-26,1034.48,KES,True,RONGAI,2026-09-14T08:50:26
Rongai Pricelist,Aria Sling Dark Brown,2026-09-12,2026-09-26,1034.48,KES,True,RONGAI,2026-09-14T08:50:26
Rongai Pricelist,Aria Sling Green,2026-09-12,2026-09-26,1034.48,KES,True,RONGAI,2026-09-14T08:50:26
Rongai Pricelist,Aria Sling Grey,2026-09-12,2026-09-26,1034.48,KES,True,RONGAI,2026-09-14T08:50:26
Rongai Pricelist,Aria Sling Maroon,2026-09-12,2026-09-26,1034.48,KES,True,RONGAI,2026-09-14T08:50:26
Rongai Pricelist,Aria Sling Red,2026-09-12,2026-09-26,1034.48,KES,True,RONGAI,2026-09-14T08:50:26
Rongai Pricelist,Aria Sling Spice,2026-09-12,2026-09-26,1034.48,KES,True,RONGAI,2026-09-14T08:50:26
Rongai Pricelist,Brief Case Black,2026-09-12,2026-09-26,2068.97,KES,True,RONGAI,2026-09-14T08:50:26
Rongai Pricelist,Brief Case Brown,2026-09-12,2026-09-26,2068.97,KES,True,RONGAI,2026-09-14T08:50:26
Rongai Pricelist,Brief Case Green,2026-09-12,2026-09-26,2068.97,KES,True,RONGAI,2026-09-14T08:50:26
Rongai Pricelist,Brief Case Grey,2026-09-12,2026-09-26,2068.97,KES,True,RONGAI,2026-09-14T08:50:26
Rongai Pricelist,Brief Case Nude,2026-09-12,2026-09-26,2068.97,KES,True,RONGAI,2026-09-14T08:50:26
Rongai Pricelist,Butterfly Sling Beige,2026-09-12,2026-09-26,1034.48,KES,True,RONGAI,2026-09-14T08:50:26
Rongai Pricelist,Butterfly Sling Black,2026-09-12,2026-09-26,1034.48,KES,True,RONGAI,2026-09-14T08:50:26
Rongai Pricelist,Butterfly Sling Chocolate,2026-09-12,2026-09-26,1034.48,KES,True,RONGAI,2026-09-14T08:50:26
Rongai Pricelist,Butterfly Sling Cracked,2026-09-12,2026-09-26,1034.48,KES,True,RONGAI,2026-09-14T08:50:26
Rongai Pricelist,Butterfly Sling Dark Brown,2026-09-12,2026-09-26,1034.48,KES,True,RONGAI,2026-09-14T08:50:26
Rongai Pricelist,Butterfly Sling Grey,2026-09-12,2026-09-26,1034.48,KES,True,RONGAI,2026-09-14T08:50:26
Rongai Pricelist,Butterfly Sling Red,2026-09-12,2026-09-26,1034.48,KES,True,RONGAI,2026-09-14T08:50:26
Rongai Pricelist,Butterfly Sling Spice,2026-09-12,2026-09-26,1034.48,KES,True,RONGAI,2026-09-14T08:50:26
Rongai Pricelist,Jumbo Antelope Brown,2026-09-12,2026-09-26,2758.62,KES,True,RONGAI,2026-09-14T08:50:26
Rongai Pricelist,Jumbo Black,2026-09-12,2026-09-26,2758.62,KES,True,RONGAI,2026-09-14T08:50:26
Rongai Pricelist,Jumbo Brown,2026-09-12,2026-09-26,2758.62,KES,True,RONGAI,2026-09-14T08:50:26
Rongai Pricelist,Jumbo Green,2026-09-12,2026-09-26,2758.62,KES,True,RONGAI,2026-09-14T08:50:26
Rongai Pricelist,Jumbo Grey,2026-09-12,2026-09-26,2758.62,KES,True,RONGAI,2026-09-14T08:50:26
Rongai Pricelist,Jumbo Nude,2026-09-12,2026-09-26,2758.62,KES,True,RONGAI,2026-09-14T08:50:26
Rongai Pricelist,Sierra Handbag Wooven Black,2026-09-12,2026-09-26,1982.76,KES,True,RONGAI,2026-09-14T08:50:26
Rongai Pricelist,Sierra Handbag Wooven Brown,2026-09-12,2026-09-26,1982.76,KES,True,RONGAI,2026-09-14T08:50:26
Rongai Pricelist,Sierra Handbag Wooven Cream,2026-09-12,2026-09-26,1982.76,KES,True,RONGAI,2026-09-14T08:50:26
Rongai Pricelist,Sierra Handbag Wooven Maroon,2026-09-12,2026-09-26,1982.76,KES,True,RONGAI,2026-09-14T08:50:26
Rongai Pricelist,Sierra Handbag Wooven Mustard,2026-09-12,2026-09-26,1982.76,KES,True,RONGAI,2026-09-14T08:50:26
Rongai Pricelist,Zelus Beige,2026-09-12,2026-09-26,1896.55,KES,True,RONGAI,2026-09-14T08:50:26
Rongai Pricelist,Zelus Black,2026-09-12,2026-09-26,1896.55,KES,True,RONGAI,2026-09-14T08:50:26
Rongai Pricelist,Zelus Chocolate,2026-09-12,2026-09-26,1896.55,KES,True,RONGAI,2026-09-14T08:50:26
Rongai Pricelist,Zelus Cracked,2026-09-12,2026-09-26,1896.55,KES,True,RONGAI,2026-09-14T08:50:26
Rongai Pricelist,Zelus Dark Brown,2026-09-12,2026-09-26,1896.55,KES,True,RONGAI,2026-09-14T08:50:26
Rongai Pricelist,Zelus Grey,2026-09-12,2026-09-26,1896.55,KES,True,RONGAI,2026-09-14T08:50:26
Rongai Pricelist,Zelus Spice,2026-09-12,2026-09-26,1896.55,KES,True,RONGAI,2026-09-14T08:50:26
Thika Pricelist,Aurora Beige,2026-09-12,2026-09-26,1465.52,KES,True,THIKA,2026-09-14T08:50:26
Thika Pricelist,Aurora Black,2026-09-12,2026-09-26,1465.52,KES,True,THIKA,2026-09-14T08:50:26
Thika Pricelist,Aurora Chocolate,2026-09-12,2026-09-26,1465.52,KES,True,THIKA,2026-09-14T08:50:26
Thika Pricelist,Aurora Cracked,2026-09-12,2026-09-26,1465.52,KES,True,THIKA,2026-09-14T08:50:26
Thika Pricelist,Aurora Dark Brown,2026-09-12,2026-09-26,1465.52,KES,True,THIKA,2026-09-14T08:50:26
Thika Pricelist,Aurora Grey,2026-09-12,2026-09-26,1465.52,KES,True,THIKA,2026-09-14T08:50:26
Thika Pricelist,Aurora Maroon,2026-09-12,2026-09-26,1465.52,KES,True,THIKA,2026-09-14T08:50:26
Thika Pricelist,Aurora Red,2026-09-12,2026-09-26,1465.52,KES,True,THIKA,2026-09-14T08:50:26
Thika Pricelist,Aurora Spice,2026-09-12,2026-09-26,1465.52,KES,True,THIKA,2026-09-14T08:50:26
Thika Pricelist,Butterfly Sling Beige,2026-09-12,2026-09-26,1034.48,KES,True,THIKA,2026-09-14T08:50:26
Thika Pricelist,Butterfly Sling Black,2026-09-12,2026-09-26,1034.48,KES,True,THIKA,2026-09-14T08:50:26
Thika Pricelist,Butterfly Sling Chocolate,2026-09-12,2026-09-26,1034.48,KES,True,THIKA,2026-09-14T08:50:26
Thika Pricelist,Butterfly Sling Cracked,2026-09-12,2026-09-26,1034.48,KES,True,THIKA,2026-09-14T08:50:26
Thika Pricelist,Butterfly Sling Dark Brown,2026-09-12,2026-09-26,1034.48,KES,True,THIKA,2026-09-14T08:50:26
Thika Pricelist,Butterfly Sling Grey,2026-09-12,2026-09-26,1034.48,KES,True,THIKA,2026-09-14T08:50:26
Thika Pricelist,Butterfly Sling Red,2026-09-12,2026-09-26,1034.48,KES,True,THIKA,2026-09-14T08:50:26
Thika Pricelist,Butterfly Sling Spice,2026-09-12,2026-09-26,1034.48,KES,True,THIKA,2026-09-14T08:50:26
Thika Pricelist,Double Press Black,2026-09-12,2026-09-26,1896.55,KES,True,THIKA,2026-09-14T08:50:26
Thika Pricelist,Double Press Brown,2026-09-12,2026-09-26,1896.55,KES,True,THIKA,2026-09-14T08:50:26
Thika Pricelist,Double Press Green,2026-09-12,2026-09-26,1896.55,KES,True,THIKA,2026-09-14T08:50:26
Thika Pricelist,Double Press Grey,2026-09-12,2026-09-26,1896.55,KES,True,THIKA,2026-09-14T08:50:26
Thika Pricelist,Double Press Nude,2026-09-12,2026-09-26,1896.55,KES,True,THIKA,2026-09-14T08:50:26
Thika Pricelist,Gym Bag Black,2026-09-12,2026-09-26,1896.55,KES,True,THIKA,2026-09-14T08:50:26
Thika Pricelist,Gym Bag Brown,2026-09-12,2026-09-26,1896.55,KES,True,THIKA,2026-09-14T08:50:26
Thika Pricelist,Gym Bag Green,2026-09-12,2026-09-26,1896.55,KES,True,THIKA,2026-09-14T08:50:26
Thika Pricelist,Gym Bag Grey,2026-09-12,2026-09-26,1896.55,KES,True,THIKA,2026-09-14T08:50:26
Thika Pricelist,Gym Bag Nude,2026-09-12,2026-09-26,1896.55,KES,True,THIKA,2026-09-14T08:50:26
Thika Pricelist,School Bag Beige,2026-09-12,2026-09-26,1465.52,KES,True,THIKA,2026-09-14T08:50:26
Thika Pricelist,School Bag Black,2026-09-12,2026-09-26,1465.52,KES,True,THIKA,2026-09-14T08:50:26
Thika Pricelist,School Bag Brown,2026-09-12,2026-09-26,1465.52,KES,True,THIKA,2026-09-14T08:50:26
Thika Pricelist,School Bag Green,2026-09-12,2026-09-26,1465.52,KES,True,THIKA,2026-09-14T08:50:26
Thika Pricelist,School Bag Grey,2026-09-12,2026-09-26,1465.52,KES,True,THIKA,2026-09-14T08:50:26
Thika Pricelist,Trecento 018 Maroon,2026-09-12,2026-09-26,1465.52,KES,True,THIKA,2026-09-14T08:50:26
Thika Pricelist,Trecento Beige,2026-09-12,2026-09-26,1465.52,KES,True,THIKA,2026-09-14T08:50:26
Thika Pricelist,Trecento Black,2026-09-12,2026-09-26,1465.52,KES,True,THIKA,2026-09-14T08:50:26
Thika Pricelist,Trecento Chocolate,2026-09-12,2026-09-26,1465.52,KES,True,THIKA,2026-09-14T08:50:26
Thika Pricelist,Trecento Cracked,2026-09-12,2026-09-26,1465.52,KES,True,THIKA,2026-09-14T08:50:26
Thika Pricelist,Trecento Dark Brown,2026-09-12,2026-09-26,1465.52,KES,True,THIKA,2026-09-14T08:50:26
Thika Pricelist,Trecento Grey,2026-09-12,2026-09-26,1465.52,KES,True,THIKA,2026-09-14T08:50:26
Thika Pricelist,Trecento Red,2026-09-12,2026-09-26,1465.52,KES,True,THIKA,2026-09-14T08:50:26
Thika Pricelist,Trecento Spice,2026-09-12,2026-09-26,1465.52,KES,True,THIKA,2026-09-14T08:50:26
Website Pricelist,Aria Sling Beige,2026-09-12,2026-09-26,1034.48,KES,True,WEBSITE SALES,2026-09-14T08:50:26
Website Pricelist,Aria Sling Black,2026-09-12,2026-09-26,1034.48,KES,True,WEBSITE SALES,2026-09-14T08:50:26
Website Pricelist,Aria Sling Chocolate,2026-09-12,2026-09-26,1034.48,KES,True,WEBSITE SALES,2026-09-14T08:50:26
Website Pricelist,Aria Sling Cracked,2026-09-12,2026-09-26,1034.48,KES,True,WEBSITE SALES,2026-09-14T08:50:26
Website Pricelist,Aria Sling Dark Brown,2026-09-12,2026-09-26,1034.48,KES,True,WEBSITE SALES,2026-09-14T08:50:26
Website Pricelist,Aria Sling Green,2026-09-12,2026-09-26,1034.48,KES,True,WEBSITE SALES,2026-09-14T08:50:26
Website Pricelist,Aria Sling Grey,2026-09-12,2026-09-26,1034.48,KES,True,WEBSITE SALES,2026-09-14T08:50:26
Website Pricelist,Aria Sling Maroon,2026-09-12,2026-09-26,1034.48,KES,True,WEBSITE SALES,2026-09-14T08:50:26
Website Pricelist,Aria Sling Red,2026-09-12,2026-09-26,1034.48,KES,True,WEBSITE SALES,2026-09-14T08:50:26
Website Pricelist,Aria Sling Spice,2026-09-12,2026-09-26,1034.48,KES,True,WEBSITE SALES,2026-09-14T08:50:26
Website Pricelist,Baby Bag Black,2026-09-12,2026-09-26,3620.69,KES,True,WEBSITE SALES,2026-09-14T08:50:26
Website Pricelist,Baby Bag Brown,2026-09-12,2026-09-26,3620.69,KES,True,WEBSITE SALES,2026-09-14T08:50:26
Website Pricelist,Baby Bag Green,2026-09-12,2026-09-26,3620.69,KES,True,WEBSITE SALES,2026-09-14T08:50:26
Website Pricelist,Baby Bag Grey,2026-09-12,2026-09-26,3620.69,KES,True,WEBSITE SALES,2026-09-14T08:50:26
Website Pricelist,Baby Bag Nude,2026-09-12,2026-09-26,3620.69,KES,True,WEBSITE SALES,2026-09-14T08:50:26
Website Pricelist,Baby Bag Red,2026-09-12,2026-09-26,3620.69,KES,True,WEBSITE SALES,2026-09-14T08:50:26
Website Pricelist,Big Man Bag Black,2026-09-12,2026-09-26,1465.52,KES,True,WEBSITE SALES,2026-09-14T08:50:26
Website Pricelist,Big Man Bag Brown,2026-09-12,2026-09-26,1465.52,KES,True,WEBSITE SALES,2026-09-14T08:50:26
Website Pricelist,Big Man Bag Green,2026-09-12,2026-09-26,1465.52,KES,True,WEBSITE SALES,2026-09-14T08:50:26
Website Pricelist,Big Man Bag Grey,2026-09-12,2026-09-26,1465.52,KES,True,WEBSITE SALES,2026-09-14T08:50:26
Website Pricelist,Big Man Bag Nude,2026-09-12,2026-09-26,1465.52,KES,True,WEBSITE SALES,2026-09-14T08:50:26
Website Pricelist,Big Man Bag Red,2026-09-12,2026-09-26,1465.52,KES,True,WEBSITE SALES,2026-09-14T08:50:26
Website Pricelist,Liam Black,2026-09-12,2026-09-26,1465.52,KES,True,WEBSITE SALES,2026-09-14T08:50:26
Website Pricelist,Liam Brown,2026-09-12,2026-09-26,1465.52,KES,True,WEBSITE SALES,2026-09-14T08:50:26
Website Pricelist,Liam Green,2026-09-12,2026-09-26,1465.52,KES,True,WEBSITE SALES,2026-09-14T08:50:26
Website Pricelist,Liam Grey,2026-09-12,2026-09-26,1465.52,KES,True,WEBSITE SALES,2026-09-14T08:50:26
Website Pricelist,Liam Nude,2026-09-12,2026-09-26,1465.52,KES,True,WEBSITE SALES,2026-09-14T08:50:26
Website Pricelist,Liam Red,2026-09-12,2026-09-26,1465.52,KES,True,WEBSITE SALES,2026-09-14T08:50:26
Website Pricelist,Pioneer Black,2026-09-12,2026-09-26,1896.55,KES,True,WEBSITE SALES,2026-09-14T08:50:26
Website Pricelist,Pioneer Brown,2026-09-12,2026-09-26,1896.55,KES,True,WEBSITE SALES,2026-09-14T08:50:26
Website Pricelist,Pioneer CN Brown,2026-09-12,2026-09-26,1896.55,KES,True,WEBSITE SALES,2026-09-14T08:50:26
Website Pricelist,Pioneer Green,2026-09-12,2026-09-26,1896.55,KES,True,WEBSITE SALES,2026-09-14T08:50:26
Website Pricelist,Pioneer Grey,2026-09-12,2026-09-26,1896.55,KES,True,WEBSITE SALES,2026-09-14T08:50:26
Website Pricelist,Pioneer Nude,2026-09-12,2026-09-26,1896.55,KES,True,WEBSITE SALES,2026-09-14T08:50:26
Website Pricelist,School Bag Beige,2026-09-12,2026-09-26,1465.52,KES,True,WEBSITE SALES,2026-09-14T08:50:26
Website Pricelist,School Bag Black,2026-09-12,2026-09-26,1465.52,KES,True,WEBSITE SALES,2026-09-14T08:50:26
Website Pricelist,School Bag Brown,2026-09-12,2026-09-26,1465.52,KES,True,WEBSITE SALES,2026-09-14T08:50:26
Website Pricelist,School Bag Green,2026-09-12,2026-09-26,1465.52,KES,True,WEBSITE SALES,2026-09-14T08:50:26
Website Pricelist,School Bag Grey,2026-09-12,2026-09-26,1465.52,KES,True,WEBSITE SALES,2026-09-14T08:50:26
Kitengela Pricelist,Mini Umbra Cracked,2026-09-14,2026-09-14,1120.69,KES,True,"KITENGELA, MARKETING",2026-09-27T20:11:21
Nakuru Pricelist,Zula CN Black,2026-09-14,2026-09-15,1637.93,KES,True,NAKURU,2026-09-27T20:11:21
Busia pricelist,Double Press Black,2026-09-15,2026-09-30,1724.14,KES,True,BUSIA,2026-09-27T20:11:21
Busia pricelist,Mandy HB Grey,2026-09-15,2026-09-30,862.07,KES,True,BUSIA,2026-09-27T20:11:21
Busia pricelist,Sierra Handbag Wooven Maroon,2026-09-15,2026-09-17,2068.97,KES,True,BUSIA,2026-09-27T20:11:21
Kisumu Pricelist,Neo Man Brown,2026-09-15,2026-09-16,689.66,KES,True,KISUMU,2026-09-27T20:11:21
Meru Pricelist,Mini Umbra Grey,2026-09-15,2026-09-18,1120.69,KES,True,MERU,2026-09-27T20:11:21
Website Pricelist,Lola Black,2026-09-15,2026-09-15,1551.72,KES,True,WEBSITE SALES,2026-09-27T20:11:21
Kisii Pricelist,Cosmo Black,2026-09-16,2026-09-19,1379.31,KES,True,KISII,2026-09-27T20:11:21
Kisii Pricelist,Monah BP Black,2026-09-16,2026-09-20,1465.52,KES,True,KISII,2026-09-27T20:11:21
Kisii Pricelist,Sarai Black,2026-09-16,2026-09-19,3275.86,KES,True,KISII,2026-09-27T20:11:21
Meru Pricelist,Belt Bag Chocolate,2026-09-16,2026-09-18,948.28,KES,True,MERU,2026-09-27T20:11:21
Meru Pricelist,Belt Bag Dark Brown,2026-09-16,2026-09-18,948.28,KES,True,MERU,2026-09-27T20:11:21
Meru Pricelist,Leila Chocolate,2026-09-16,2026-09-18,1120.69,KES,True,MERU,2026-09-27T20:11:21
Meru Pricelist,Mini Manbag Black,2026-09-16,2026-09-18,1120.69,KES,True,MERU,2026-09-27T20:11:21
Meru Pricelist,Mini Umbra Black,2026-09-16,2026-09-18,1120.69,KES,True,MERU,2026-09-27T20:11:21
Website Pricelist,Jayden Man Spice,2026-09-16,2026-09-16,1379.31,KES,True,WEBSITE SALES,2026-09-27T20:11:21
Busia pricelist,Don Black,2026-09-17,2026-09-19,1120.69,KES,True,BUSIA,2026-09-27T20:11:21
Busia pricelist,Legacy Black,2026-09-17,2026-09-19,2844.83,KES,True,BUSIA,2026-09-27T20:11:21
Busia pricelist,Mini Umbra Grey,2026-09-17,2026-09-19,1120.69,KES,True,BUSIA,2026-09-27T20:11:21
Busia pricelist,Pocket Travel Black,2026-09-17,2026-09-19,2758.62,KES,True,BUSIA,2026-09-27T20:11:21
Kakamega Pricelist,College HB Brown,2026-09-17,2026-09-17,1982.76,KES,True,KAKAMEGA,2026-09-27T20:11:21
Kakamega Pricelist,School Bag Green,2026-09-17,2026-09-17,1896.55,KES,True,KAKAMEGA,2026-09-27T20:11:21
Kisii Pricelist,College HB Brown,2026-09-17,2026-09-19,1982.76,KES,True,KISII,2026-09-27T20:11:21
Kisii Pricelist,Kate Beige,2026-09-17,2026-09-19,1120.69,KES,True,KISII,2026-09-27T20:11:21
Kisii Pricelist,Kate Grey,2026-09-17,2026-09-19,1120.69,KES,True,KISII,2026-09-27T20:11:21
Kisii Pricelist,Mini Umbra Black,2026-09-17,2026-09-19,1120.69,KES,True,KISII,2026-09-27T20:11:21
Kisii Pricelist,Mini Zuri Black,2026-09-17,2026-09-19,1982.76,KES,True,KISII,2026-09-27T20:11:21
Kisii Pricelist,Pioneer Brown,2026-09-17,2026-09-19,1982.76,KES,True,KISII,2026-09-27T20:11:21
Kisii Pricelist,Trecento Dark Brown,2026-09-17,2026-09-19,172.41,KES,True,KISII,2026-09-27T20:11:21
Meru Pricelist,Ace Cracked,2026-09-17,2026-09-19,1120.69,KES,True,MERU,2026-09-27T20:11:21
Meru Pricelist,Aria Sling Grey,2026-09-17,2026-09-18,1120.69,KES,True,MERU,2026-09-27T20:11:21
Meru Pricelist,Aurora Cracked,2026-09-17,2026-09-18,1551.72,KES,True,MERU,2026-09-27T20:11:21
Meru Pricelist,Code 3 Brown,2026-09-17,2026-09-18,1551.72,KES,True,MERU,2026-09-27T20:11:21
Meru Pricelist,Code 3 Green,2026-09-17,2026-09-19,1551.72,KES,True,MERU,2026-09-27T20:11:21
Meru Pricelist,Cosmo Black,2026-09-17,2026-09-18,1379.31,KES,True,MERU,2026-09-27T20:11:21
Meru Pricelist,Mini Umbra Spice,2026-09-17,2026-09-18,1120.69,KES,True,MERU,2026-09-27T20:11:21
Meru Pricelist,Mini Zuri Black,2026-09-17,2026-09-19,1982.76,KES,True,MERU,2026-09-27T20:11:21
Meru Pricelist,Moon Bag Spice,2026-09-17,2026-09-18,1120.69,KES,True,MERU,2026-09-27T20:11:21
Meru Pricelist,Reo Travel Brown,2026-09-17,2026-09-18,2155.17,KES,True,MERU,2026-09-27T20:11:21
Meru Pricelist,School Bag Black,2026-09-17,2026-09-18,1551.72,KES,True,MERU,2026-09-27T20:11:21
Meru Pricelist,Sierra Handbag Wooven Brown,2026-09-17,2026-09-19,2068.97,KES,True,MERU,2026-09-27T20:11:21
Nakuru Pricelist,Bonita Black,2026-09-17,2026-09-18,2068.97,KES,True,NAKURU,2026-09-27T20:11:21
Kisii Pricelist,Kai Grey,2026-09-18,2026-09-19,2155.17,KES,True,KISII,2026-09-27T20:11:21
Kisii Pricelist,Kate Black,2026-09-18,2026-09-19,1120.69,KES,True,KISII,2026-09-27T20:11:21
Kisii Pricelist,Leila Black,2026-09-18,2026-09-21,1379.31,KES,True,KISII,2026-09-27T20:11:21
Kisii Pricelist,Luna Brown,2026-09-18,2026-09-19,1120.69,KES,True,KISII,2026-09-27T20:11:21
Kisumu Pricelist,Strap Brown,2026-09-18,2026-09-19,258.62,KES,True,KISUMU,2026-09-27T20:11:21
Kitengela Pricelist,Pioneer Green,2026-09-18,2026-09-26,1896.55,KES,True,"KITENGELA, MARKETING",2026-09-27T20:11:21
Meru Pricelist,Zane Man Black,2026-09-18,2026-09-19,1120.69,KES,True,MERU,2026-09-27T20:11:21
Nakuru Pricelist,Butterfly Sling Red,2026-09-18,2026-09-19,1120.69,KES,True,NAKURU,2026-09-27T20:11:21
Nakuru Pricelist,Mandy HB 018 Maroon,2026-09-18,2026-09-19,862.07,KES,True,NAKURU,2026-09-27T20:11:21
Busia pricelist,Mandy HB Black,2026-09-19,2026-09-30,862.07,KES,True,BUSIA,2026-09-27T20:11:21
Kakamega Pricelist,Aria Sling Black,2026-09-19,2026-09-19,1120.69,KES,True,KAKAMEGA,2026-09-27T20:11:21
Meru Pricelist,College HB Grey,2026-09-19,2026-09-21,862.07,KES,True,MERU,2026-09-27T20:11:21
Rongai Pricelist,Brief Case Green,2026-09-19,2026-09-26,2068.97,KES,True,RONGAI,2026-09-27T20:11:21
Kisii Pricelist,Imani Maroon 018,2026-09-20,2026-09-30,1724.14,KES,True,KISII,2026-09-27T20:11:21
Busia pricelist,Antitheft + Jumbo Combo,2026-09-21,2026-09-23,4310.34,KES,True,BUSIA,2026-09-27T20:11:21
Busia pricelist,Aria Sling Black,2026-09-21,2026-09-23,1034.48,KES,True,BUSIA,2026-09-27T20:11:21
Busia pricelist,Mini Manbag Black,2026-09-21,2026-09-23,1034.48,KES,True,BUSIA,2026-09-27T20:11:21
Busia pricelist,Neo Man Black,2026-09-21,2026-09-23,1034.48,KES,True,BUSIA,2026-09-27T20:11:21
Busia pricelist,Zoezi Brown,2026-09-21,2026-09-23,2758.62,KES,True,BUSIA,2026-09-27T20:11:21
Kisii Pricelist,Aria Sling Black,2026-09-21,2026-09-24,1034.48,KES,True,KISII,2026-09-27T20:11:21
Kisii Pricelist,Brief Case Black,2026-09-21,2026-09-24,2068.97,KES,True,KISII,2026-09-27T20:11:21
Kisii Pricelist,Claire Handbag Black,2026-09-21,2026-09-24,2241.38,KES,True,KISII,2026-09-27T20:11:21
Kisii Pricelist,Fayola Black,2026-09-21,2026-09-24,1465.52,KES,True,KISII,2026-09-27T20:11:21
Kisii Pricelist,Kaz Black,2026-09-21,2026-09-24,1379.31,KES,True,KISII,2026-09-27T20:11:21
Kisii Pricelist,Kaz Brown,2026-09-21,2026-09-24,1379.31,KES,True,KISII,2026-09-27T20:11:21
Kisii Pricelist,Marley Maroon,2026-09-21,2026-09-24,1810.34,KES,True,KISII,2026-09-27T20:11:21
Kisii Pricelist,Mini School Grey,2026-09-21,2026-09-24,1206.9,KES,True,KISII,2026-09-27T20:11:21
Kisii Pricelist,Mini Umbra Black,2026-09-21,2026-09-24,1034.48,KES,True,KISII,2026-09-27T20:11:21
Kisii Pricelist,Moon Bag Black,2026-09-21,2026-09-24,1034.48,KES,True,KISII,2026-09-27T20:11:21
Kisii Pricelist,Oval Handbag Brown,2026-09-21,2026-09-24,1034.48,KES,True,KISII,2026-09-27T20:11:21
Kisii Pricelist,Oval Handbag Grey,2026-09-21,2026-09-24,1034.48,KES,True,KISII,2026-09-27T20:11:21
Kisii Pricelist,Zeno Grey/Black,2026-09-21,2026-09-24,1034.48,KES,True,KISII,2026-09-27T20:11:21
Kisumu Pricelist,Aria Sling Cracked,2026-09-21,2026-09-22,1034.48,KES,True,KISUMU,2026-09-27T20:11:21
Kisumu Pricelist,Safiri Travel Black,2026-09-21,2026-09-22,3103.45,KES,True,KISUMU,2026-09-27T20:11:21
Kitengela Pricelist,Jumbo Green,2026-09-21,2026-09-21,1034.48,KES,True,"KITENGELA, MARKETING",2026-09-27T20:11:21
Busia pricelist,Mega Brown,2026-09-22,2026-09-24,2241.38,KES,True,BUSIA,2026-09-27T20:11:21
Kisumu Pricelist,Belt Bag Cracked,2026-09-22,2026-09-23,862.07,KES,True,KISUMU,2026-09-27T20:11:21
Meru Pricelist,Amaya Black TT,2026-09-22,2026-09-24,2672.41,KES,True,MERU,2026-09-27T20:11:21
Meru Pricelist,Brief Case Brown,2026-09-22,2026-09-24,2068.97,KES,True,MERU,2026-09-27T20:11:21
Meru Pricelist,Sierra Handbag Wooven Brown,2026-09-22,2026-09-24,1982.76,KES,True,MERU,2026-09-27T20:11:21
Nakuru Pricelist,Aria Pro Grey,2026-09-22,2026-09-22,1034.48,KES,True,NAKURU,2026-09-27T20:11:21
Nakuru Pricelist,Code 3 Green,2026-09-22,2026-09-22,1465.52,KES,True,NAKURU,2026-09-27T20:11:21
Nakuru Pricelist,Remi Black,2026-09-22,2026-09-22,1724.14,KES,True,NAKURU,2026-09-27T20:11:21
Nakuru Pricelist,Sarai Black,2026-09-22,2026-09-22,3017.24,KES,True,NAKURU,2026-09-27T20:11:21
Nakuru Pricelist,School Bag Brown,2026-09-22,2026-09-23,1465.52,KES,True,NAKURU,2026-09-27T20:11:21
Website Pricelist,Baby Bag Green,2026-09-22,2026-09-22,1810.34,KES,True,WEBSITE SALES,2026-09-27T20:11:21
Busia pricelist,Reo Travel Black,2026-09-23,2026-09-25,2068.97,KES,True,BUSIA,2026-09-27T20:11:21
Busia pricelist,Reo Travel Brown,2026-09-23,2026-09-25,2068.97,KES,True,BUSIA,2026-09-27T20:11:21
Kisii Pricelist,Jumbo Black,2026-09-23,2026-09-24,2758.62,KES,True,KISII,2026-09-27T20:11:21
Kisii Pricelist,Karina Choco,2026-09-23,2026-09-24,1724.14,KES,True,KISII,2026-09-27T20:11:21
Kisii Pricelist,Reo Travel Black,2026-09-23,2026-09-24,2068.97,KES,True,KISII,2026-09-27T20:11:21
Kisii Pricelist,Reo Travel Green,2026-09-23,2026-09-24,2068.97,KES,True,KISII,2026-09-27T20:11:21
Kisumu Pricelist,Jamela Grey,2026-09-23,2026-09-24,172.41,KES,True,KISUMU,2026-09-27T20:11:21
Kitengela Pricelist,Jumbo Black,2026-09-23,2026-09-23,2758.62,KES,True,"KITENGELA, MARKETING",2026-09-27T20:11:21
Kitengela Pricelist,Mega Pink,2026-09-23,2026-09-23,2844.83,KES,True,"KITENGELA, MARKETING",2026-09-27T20:11:21
Meru Pricelist,Reo Travel Black,2026-09-23,2026-09-25,2068.97,KES,True,MERU,2026-09-27T20:11:21
Meru Pricelist,Sarai Black,2026-09-23,2026-09-25,3189.66,KES,True,MERU,2026-09-27T20:11:21
Meru Pricelist,Zane Man Black,2026-09-23,2026-09-24,1034.48,KES,True,MERU,2026-09-27T20:11:21
Meru Pricelist,Zane Man Grey,2026-09-23,2026-09-24,1034.48,KES,True,MERU,2026-09-27T20:11:21
Nakuru Pricelist,Aria Sling Black,2026-09-23,2026-09-23,1034.48,KES,True,NAKURU,2026-09-27T20:11:21
Nakuru Pricelist,Aurora Beige,2026-09-23,2026-09-23,1465.52,KES,True,NAKURU,2026-09-27T20:11:21
Nakuru Pricelist,Kate Black,2026-09-23,2026-09-24,1034.48,KES,True,NAKURU,2026-09-27T20:11:21
Website Pricelist,Aurora Wooven Maroon,2026-09-23,2026-09-23,1551.72,KES,True,WEBSITE SALES,2026-09-27T20:11:21
Website Pricelist,Claire Handbag Black,2026-09-23,2026-09-23,2476.72,KES,True,WEBSITE SALES,2026-09-27T20:11:21
Website Pricelist,Code 3 Green,2026-09-23,2026-09-23,1551.72,KES,True,WEBSITE SALES,2026-09-27T20:11:21
Website Pricelist,Oval Handbag Nude,2026-09-23,2026-09-23,1120.69,KES,True,WEBSITE SALES,2026-09-27T20:11:21
Website Pricelist,Sarai Black,2026-09-23,2026-09-23,3384.48,KES,True,WEBSITE SALES,2026-09-27T20:11:21
Busia pricelist,Amaya + Zula Combo,2026-09-24,2026-09-26,4310.34,KES,True,BUSIA,2026-09-27T20:11:21
Busia pricelist,Jayden Man Black,2026-09-24,2026-09-25,1034.48,KES,True,BUSIA,2026-09-27T20:11:21
Busia pricelist,Mega Brown,2026-09-24,2026-09-25,2241.38,KES,True,BUSIA,2026-09-27T20:11:21
Busia pricelist,Washbag Brown,2026-09-24,2026-09-25,1034.48,KES,True,BUSIA,2026-09-27T20:11:21
Eldoret Pricelist,Belt Bag Red,2026-09-24,2026-09-25,862.07,KES,True,ELDORET,2026-09-27T20:11:21
Eldoret Pricelist,Kate Cracked,2026-09-24,2026-09-25,1034.48,KES,True,ELDORET,2026-09-27T20:11:21
Eldoret Pricelist,Lola Black,2026-09-24,2026-09-25,1465.53,KES,True,ELDORET,2026-09-27T20:11:21
Eldoret Pricelist,Prime Black,2026-09-24,2026-09-25,2068.97,KES,True,ELDORET,2026-09-27T20:11:21
Kakamega Pricelist,Big Man Bag Black,2026-09-24,2026-09-25,1465.53,KES,True,KAKAMEGA,2026-09-27T20:11:21
Kakamega Pricelist,Butterfly Sling Black,2026-09-24,2026-09-25,1034.48,KES,True,KAKAMEGA,2026-09-27T20:11:21
Kakamega Pricelist,Code 3 Brown,2026-09-24,2026-09-25,1465.53,KES,True,KAKAMEGA,2026-09-27T20:11:21
Kakamega Pricelist,Jade Black,2026-09-24,2026-09-25,2327.59,KES,True,KAKAMEGA,2026-09-27T20:11:21
Kakamega Pricelist,Lola Spice,2026-09-24,2026-09-24,1551.72,KES,True,KAKAMEGA,2026-09-27T20:11:21
Kakamega Pricelist,Remi Grey,2026-09-24,2026-09-25,1982.76,KES,True,KAKAMEGA,2026-09-27T20:11:21
Kakamega Pricelist,Zipped Lunchset Brown,2026-09-24,2026-09-25,1034.48,KES,True,KAKAMEGA,2026-09-27T20:11:21
Kisii Pricelist,Aria Sling Black,2026-09-24,2026-09-25,1034.48,KES,True,KISII,2026-09-27T20:11:21
Kisii Pricelist,Butterfly Sling Black,2026-09-24,2026-09-25,1034.48,KES,True,KISII,2026-09-27T20:11:21
Kisii Pricelist,Cosmo Black,2026-09-24,2026-09-25,1293.1,KES,True,KISII,2026-09-27T20:11:21
Kisii Pricelist,Fayola Black,2026-09-24,2026-09-25,1465.53,KES,True,KISII,2026-09-27T20:11:21
Kisii Pricelist,Fayola Grey,2026-09-24,2026-09-25,1465.53,KES,True,KISII,2026-09-27T20:11:21
Kisii Pricelist,Liam Grey,2026-09-24,2026-09-25,1465.53,KES,True,KISII,2026-09-27T20:11:21
Kisii Pricelist,Mini Zuri Black,2026-09-24,2026-09-25,1896.55,KES,True,KISII,2026-09-27T20:11:21
Kisii Pricelist,Oval Handbag Brown,2026-09-24,2026-09-25,1034.48,KES,True,KISII,2026-09-27T20:11:21
Kisii Pricelist,Reo Travel Black,2026-09-24,2026-09-25,2068.97,KES,True,KISII,2026-09-27T20:11:21
Kisii Pricelist,Reo Travel Brown,2026-09-24,2026-09-25,2068.97,KES,True,KISII,2026-09-27T20:11:21
Kisumu Pricelist,Antitheft Black,2026-09-24,2026-09-25,2241.38,KES,True,KISUMU,2026-09-27T20:11:21
Kisumu Pricelist,Safiri Travel Black,2026-09-24,2026-09-25,775.86,KES,True,KISUMU,2026-09-27T20:11:21
Kitengela Pricelist,Brief Case Grey,2026-09-24,2026-09-25,2068.97,KES,True,"KITENGELA, MARKETING",2026-09-27T20:11:21
Kitengela Pricelist,Double Press Grey,2026-09-24,2026-09-25,1896.55,KES,True,"KITENGELA, MARKETING",2026-09-27T20:11:21
Kitengela Pricelist,Fabela Green,2026-09-24,2026-09-25,1724.15,KES,True,"KITENGELA, MARKETING",2026-09-27T20:11:21
Kitengela Pricelist,Jade Black,2026-09-24,2026-09-25,2327.59,KES,True,"KITENGELA, MARKETING",2026-09-27T20:11:21
Kitengela Pricelist,Jumbo Green,2026-09-24,2026-09-25,2758.62,KES,True,"KITENGELA, MARKETING",2026-09-27T20:11:21
Kitengela Pricelist,Jumbo Nude,2026-09-24,2026-09-25,2758.62,KES,True,"KITENGELA, MARKETING",2026-09-27T20:11:21
Meru Pricelist,Oval Handbag Brown,2026-09-24,2026-09-25,1034.48,KES,True,MERU,2026-09-27T20:11:21
Meru Pricelist,Zane Man Black,2026-09-24,2026-09-25,1034.48,KES,True,MERU,2026-09-27T20:11:21
Mombasa Pricelist,Big Man Bag Black,2026-09-24,2026-09-25,1465.53,KES,True,MOMBASA,2026-09-27T20:11:21
Mombasa Pricelist,Big Man Bag Nude,2026-09-24,2026-09-25,1465.53,KES,True,MOMBASA,2026-09-27T20:11:21
Mombasa Pricelist,Claire Handbag Spice,2026-09-24,2026-09-25,2241.38,KES,True,MOMBASA,2026-09-27T20:11:21
Mombasa Pricelist,Feroz Black,2026-09-24,2026-09-25,2327.59,KES,True,MOMBASA,2026-09-27T20:11:21
Mombasa Pricelist,Gym Bag Brown,2026-09-24,2026-09-25,1896.55,KES,True,MOMBASA,2026-09-27T20:11:21
Mombasa Pricelist,Jade Black,2026-09-24,2026-09-25,2327.59,KES,True,MOMBASA,2026-09-27T20:11:21
Mombasa Pricelist,Neo Man Black,2026-09-24,2026-09-25,1034.48,KES,True,MOMBASA,2026-09-27T20:11:21
Mombasa Pricelist,Neo Man Grey,2026-09-24,2026-09-25,1034.48,KES,True,MOMBASA,2026-09-27T20:11:21
Mombasa Pricelist,Pioneer Brown,2026-09-24,2026-09-25,1896.55,KES,True,MOMBASA,2026-09-27T20:11:21
Mombasa Pricelist,Remi Black,2026-09-24,2026-09-25,1982.76,KES,True,MOMBASA,2026-09-27T20:11:21
Mombasa Pricelist,Reo Travel Brown,2026-09-24,2026-09-25,2068.97,KES,True,MOMBASA,2026-09-27T20:11:21
Mombasa Pricelist,Sarai Green,2026-09-24,2026-09-25,3189.66,KES,True,MOMBASA,2026-09-27T20:11:21
Mombasa Pricelist,Zipped Lunchset Black,2026-09-24,2026-09-25,1034.48,KES,True,MOMBASA,2026-09-27T20:11:21
Nakuru Pricelist,Aria Sling Black,2026-09-24,2026-09-24,1034.48,KES,True,NAKURU,2026-09-27T20:11:21
Nakuru Pricelist,Aria Sling Grey,2026-09-24,2026-09-24,1034.48,KES,True,NAKURU,2026-09-27T20:11:21
Nakuru Pricelist,Code 3 Brown,2026-09-24,2026-09-25,1465.53,KES,True,NAKURU,2026-09-27T20:11:21
Nakuru Pricelist,Code 3 Grey,2026-09-24,2026-09-24,1465.52,KES,True,NAKURU,2026-09-27T20:11:21
Nakuru Pricelist,Gym Bag Brown,2026-09-24,2026-09-24,1896.55,KES,True,NAKURU,2026-09-27T20:11:21
Nakuru Pricelist,Kai Beige,2026-09-24,2026-09-24,2068.97,KES,True,NAKURU,2026-09-27T20:11:21
Nakuru Pricelist,Lanka Wooven Maroon,2026-09-24,2026-09-24,1206.9,KES,True,NAKURU,2026-09-27T20:11:21
Nakuru Pricelist,Liam Black,2026-09-24,2026-09-25,1465.52,KES,True,NAKURU,2026-09-27T20:11:21
Nakuru Pricelist,Liam Brown,2026-09-24,2026-09-25,1465.52,KES,True,NAKURU,2026-09-27T20:11:21
Nakuru Pricelist,Lunchset Green,2026-09-24,2026-09-25,1034.48,KES,True,NAKURU,2026-09-27T20:11:21
Nakuru Pricelist,Prime Black,2026-09-24,2026-09-25,2068.97,KES,True,NAKURU,2026-09-27T20:11:21
Nanyuki Pricelist,Moon Bag Black,2026-09-24,2026-09-25,1034.48,KES,True,NANYUKI,2026-09-27T20:11:21
Rongai Pricelist,Big Man Bag Grey,2026-09-24,2026-09-25,1465.53,KES,True,RONGAI,2026-09-27T20:11:21
Rongai Pricelist,Butterfly Sling Black,2026-09-24,2026-09-25,1034.48,KES,True,RONGAI,2026-09-27T20:11:21
Rongai Pricelist,Reo Travel Brown,2026-09-24,2026-09-25,2068.97,KES,True,RONGAI,2026-09-27T20:11:21
Rongai Pricelist,Travolta Beige,2026-09-24,2026-09-25,2758.62,KES,True,RONGAI,2026-09-27T20:11:21
Website Pricelist,Brief Case Black,2026-09-24,2026-09-25,2068.97,KES,True,WEBSITE SALES,2026-09-27T20:11:21
Website Pricelist,Elyse Black,2026-09-24,2026-09-25,2327.59,KES,True,WEBSITE SALES,2026-09-27T20:11:21
Website Pricelist,Fabela Black,2026-09-24,2026-09-25,1724.15,KES,True,WEBSITE SALES,2026-09-27T20:11:21
Website Pricelist,Kate Grey,2026-09-24,2026-09-25,1034.48,KES,True,WEBSITE SALES,2026-09-27T20:11:21
Website Pricelist,Lola Choco,2026-09-24,2026-09-25,1465.53,KES,True,WEBSITE SALES,2026-09-27T20:11:21
Website Pricelist,Mini Umbra Cracked,2026-09-24,2026-09-25,1034.48,KES,True,WEBSITE SALES,2026-09-27T20:11:21
Website Pricelist,Prime Brown,2026-09-24,2026-09-25,2068.97,KES,True,WEBSITE SALES,2026-09-27T20:11:21
Website Pricelist,Sarai Grey,2026-09-24,2026-09-25,3189.66,KES,True,WEBSITE SALES,2026-09-27T20:11:21
Website Pricelist,Sierra Handbag Wooven Brown,2026-09-24,2026-09-25,1982.76,KES,True,WEBSITE SALES,2026-09-27T20:11:21
Website Pricelist,Umbra Black,2026-09-24,2026-09-24,1551.72,KES,True,WEBSITE SALES,2026-09-27T20:11:21
Kisii Pricelist,Neo Man Black,2026-09-25,2026-09-27,1034.48,KES,True,KISII,2026-09-27T20:11:21
Kitengela Pricelist,Aurora Grey,2026-09-25,2026-09-26,1465.52,KES,True,"KITENGELA, MARKETING",2026-09-27T20:11:21
Kitengela Pricelist,Aurora Grey,2026-09-25,2026-09-25,1465.52,KES,True,"KITENGELA, MARKETING",2026-09-27T20:11:21
Kitengela Pricelist,Code 3 Brown,2026-09-25,2026-09-25,1465.52,KES,True,"KITENGELA, MARKETING",2026-09-27T20:11:21
Kitengela Pricelist,Karina Black,2026-09-25,2026-09-25,1810.34,KES,True,"KITENGELA, MARKETING",2026-09-27T20:11:21
Kitengela Pricelist,Monah BP Black,2026-09-25,2026-09-25,1379.31,KES,True,"KITENGELA, MARKETING",2026-09-27T20:11:21
Rongai Pricelist,Butterfly Sling Black,2026-09-25,2026-09-26,1034.48,KES,True,RONGAI,2026-09-27T20:11:21
Website Pricelist,Code 3 Black,2026-09-25,2026-09-25,1551.72,KES,True,WEBSITE SALES,2026-09-27T20:11:21
Website Pricelist,Code 3 Brown,2026-09-25,2026-09-25,1551.72,KES,True,WEBSITE SALES,2026-09-27T20:11:21
Website Pricelist,Oval Handbag Green,2026-09-25,2026-09-25,1034.48,KES,True,WEBSITE SALES,2026-09-27T20:11:21
Website Pricelist,Remi Black,2026-09-25,2026-09-25,1982.76,KES,True,WEBSITE SALES,2026-09-27T20:11:21
Busia pricelist,Sarai Black,2026-09-26,2026-09-28,6896.55,KES,True,BUSIA,2026-09-27T20:11:21
Kisii Pricelist,Big Man Bag Black,2026-09-26,2026-10-03,1465.52,KES,True,KISII,2026-09-27T20:11:21
Kisii Pricelist,Big Man Bag Brown,2026-09-26,2026-10-03,1465.52,KES,True,KISII,2026-09-27T20:11:21
Kisumu Pricelist,Fabela Grey,2026-09-26,2026-09-27,1724.14,KES,True,KISUMU,2026-09-27T20:11:21
Kisumu Pricelist,Liam Black,2026-09-26,2026-10-11,1465.52,KES,True,KISUMU,2026-09-27T20:11:21
Kisumu Pricelist,Liam Brown,2026-09-26,2026-10-11,1465.52,KES,True,KISUMU,2026-09-27T20:11:21
Kisumu Pricelist,Liam Green,2026-09-26,2026-10-11,1465.52,KES,True,KISUMU,2026-09-27T20:11:21
Kisumu Pricelist,Liam Grey,2026-09-26,2026-10-11,1465.52,KES,True,KISUMU,2026-09-27T20:11:21
Kisumu Pricelist,Mega Black,2026-09-26,2026-10-11,2241.38,KES,True,KISUMU,2026-09-27T20:11:21
Kisumu Pricelist,Mega Brown,2026-09-26,2026-10-11,2241.38,KES,True,KISUMU,2026-09-27T20:11:21
Kisumu Pricelist,Mega Green,2026-09-26,2026-10-11,2241.38,KES,True,KISUMU,2026-09-27T20:11:21
Kisumu Pricelist,Mega Nude,2026-09-26,2026-10-11,2241.38,KES,True,KISUMU,2026-09-27T20:11:21
Kitengela Pricelist,Kate Black,2026-09-26,2026-09-26,1034.48,KES,True,"KITENGELA, MARKETING",2026-09-27T20:11:21
Kitengela Pricelist,Kate Black,2026-09-26,2026-09-26,1379.31,KES,True,"KITENGELA, MARKETING",2026-09-27T20:11:21
Meru Pricelist,Big Man Bag Grey,2026-09-26,2026-10-04,1465.52,KES,True,MERU,2026-09-27T20:11:21
Nairobi CBD Pricelist,Big Man Bag Black,2026-09-26,2026-10-10,1465.52,KES,True,"HAZINA, HILTON, KTDA Shop, STARMALL",2026-09-27T20:11:21
Nairobi CBD Pricelist,Big Man Bag Brown,2026-09-26,2026-10-10,1465.52,KES,True,"HAZINA, HILTON, KTDA Shop, STARMALL",2026-09-27T20:11:21
Nairobi CBD Pricelist,Big Man Bag Green,2026-09-26,2026-10-10,1465.52,KES,True,"HAZINA, HILTON, KTDA Shop, STARMALL",2026-09-27T20:11:21
Nairobi CBD Pricelist,Big Man Bag Grey,2026-09-26,2026-10-10,1465.52,KES,True,"HAZINA, HILTON, KTDA Shop, STARMALL",2026-09-27T20:11:21
Nairobi CBD Pricelist,Big Man Bag Nude,2026-09-26,2026-10-10,1465.52,KES,True,"HAZINA, HILTON, KTDA Shop, STARMALL",2026-09-27T20:11:21
Nairobi CBD Pricelist,Butterfly Sling Beige,2026-09-26,2026-10-10,1034.48,KES,True,"HAZINA, HILTON, KTDA Shop, STARMALL",2026-09-27T20:11:21
Nairobi CBD Pricelist,Butterfly Sling Black,2026-09-26,2026-10-10,1034.48,KES,True,"HAZINA, HILTON, KTDA Shop, STARMALL",2026-09-27T20:11:21
Nairobi CBD Pricelist,Butterfly Sling Chocolate,2026-09-26,2026-10-10,1034.48,KES,True,"HAZINA, HILTON, KTDA Shop, STARMALL",2026-09-27T20:11:21
Nairobi CBD Pricelist,Butterfly Sling Cracked,2026-09-26,2026-10-10,1034.48,KES,True,"HAZINA, HILTON, KTDA Shop, STARMALL",2026-09-27T20:11:21
Nairobi CBD Pricelist,Butterfly Sling Dark Brown,2026-09-26,2026-10-10,1034.48,KES,True,"HAZINA, HILTON, KTDA Shop, STARMALL",2026-09-27T20:11:21
Nairobi CBD Pricelist,Butterfly Sling Grey,2026-09-26,2026-10-10,1034.48,KES,True,"HAZINA, HILTON, KTDA Shop, STARMALL",2026-09-27T20:11:21
Nairobi CBD Pricelist,Butterfly Sling Red,2026-09-26,2026-10-10,1034.48,KES,True,"HAZINA, HILTON, KTDA Shop, STARMALL",2026-09-27T20:11:21
Nairobi CBD Pricelist,Butterfly Sling Spice,2026-09-26,2026-10-10,1034.48,KES,True,"HAZINA, HILTON, KTDA Shop, STARMALL",2026-09-27T20:11:21
Nairobi CBD Pricelist,Claire Handbag Beige,2026-09-26,2026-10-10,2241.38,KES,True,"HAZINA, HILTON, KTDA Shop, STARMALL",2026-09-27T20:11:21
Nairobi CBD Pricelist,Claire Handbag Black,2026-09-26,2026-10-10,2241.38,KES,True,"HAZINA, HILTON, KTDA Shop, STARMALL",2026-09-27T20:11:21
Nairobi CBD Pricelist,Claire Handbag Choco,2026-09-26,2026-10-10,2241.38,KES,True,"HAZINA, HILTON, KTDA Shop, STARMALL",2026-09-27T20:11:21
Nairobi CBD Pricelist,Claire Handbag Cracked,2026-09-26,2026-10-10,2241.38,KES,True,"HAZINA, HILTON, KTDA Shop, STARMALL",2026-09-27T20:11:21
Nairobi CBD Pricelist,Claire Handbag Dark Brown,2026-09-26,2026-10-10,2241.38,KES,True,"HAZINA, HILTON, KTDA Shop, STARMALL",2026-09-27T20:11:21
Nairobi CBD Pricelist,Claire Handbag Grey,2026-09-26,2026-10-10,2241.38,KES,True,"HAZINA, HILTON, KTDA Shop, STARMALL",2026-09-27T20:11:21
Nairobi CBD Pricelist,Claire Handbag Red,2026-09-26,2026-10-10,2241.38,KES,True,"HAZINA, HILTON, KTDA Shop, STARMALL",2026-09-27T20:11:21
Nairobi CBD Pricelist,Claire Handbag Spice,2026-09-26,2026-10-10,2241.38,KES,True,"HAZINA, HILTON, KTDA Shop, STARMALL",2026-09-27T20:11:21
Nairobi CBD Pricelist,Gym Bag Black,2026-09-26,2026-10-10,1896.55,KES,True,"HAZINA, HILTON, KTDA Shop, STARMALL",2026-09-27T20:11:21
Nairobi CBD Pricelist,Gym Bag Brown,2026-09-26,2026-10-10,1896.55,KES,True,"HAZINA, HILTON, KTDA Shop, STARMALL",2026-09-27T20:11:21
Nairobi CBD Pricelist,Gym Bag Grey,2026-09-26,2026-10-10,1896.55,KES,True,"HAZINA, HILTON, KTDA Shop, STARMALL",2026-09-27T20:11:21
Nairobi CBD Pricelist,Gym Bag Nude,2026-09-26,2026-10-10,1896.55,KES,True,"HAZINA, HILTON, KTDA Shop, STARMALL",2026-09-27T20:11:21
Nairobi CBD Pricelist,Pioneer Black,2026-09-26,2026-10-10,1896.55,KES,True,"HAZINA, HILTON, KTDA Shop, STARMALL",2026-09-27T20:11:21
Nairobi CBD Pricelist,Pioneer Brown,2026-09-26,2026-10-10,1896.55,KES,True,"HAZINA, HILTON, KTDA Shop, STARMALL",2026-09-27T20:11:21
Nairobi CBD Pricelist,Pioneer Green,2026-09-26,2026-10-10,1896.55,KES,True,"HAZINA, HILTON, KTDA Shop, STARMALL",2026-09-27T20:11:21
Nairobi CBD Pricelist,Pioneer Grey,2026-09-26,2026-10-10,1896.55,KES,True,"HAZINA, HILTON, KTDA Shop, STARMALL",2026-09-27T20:11:21
Nairobi CBD Pricelist,Pioneer Nude,2026-09-26,2026-10-10,1896.55,KES,True,"HAZINA, HILTON, KTDA Shop, STARMALL",2026-09-27T20:11:21
Nairobi CBD Pricelist,Trecento Beige,2026-09-26,2026-10-10,1465.52,KES,True,"HAZINA, HILTON, KTDA Shop, STARMALL",2026-09-27T20:11:21
Nairobi CBD Pricelist,Trecento Black,2026-09-26,2026-10-10,1465.52,KES,True,"HAZINA, HILTON, KTDA Shop, STARMALL",2026-09-27T20:11:21
Nairobi CBD Pricelist,Trecento Chocolate,2026-09-26,2026-10-10,1465.52,KES,True,"HAZINA, HILTON, KTDA Shop, STARMALL",2026-09-27T20:11:21
Nairobi CBD Pricelist,Trecento Dark Brown,2026-09-26,2026-10-10,1465.52,KES,True,"HAZINA, HILTON, KTDA Shop, STARMALL",2026-09-27T20:11:21
Nairobi CBD Pricelist,Trecento Grey,2026-09-26,2026-10-10,1465.52,KES,True,"HAZINA, HILTON, KTDA Shop, STARMALL",2026-09-27T20:11:21
Nairobi CBD Pricelist,Trecento Red,2026-09-26,2026-10-10,1465.52,KES,True,"HAZINA, HILTON, KTDA Shop, STARMALL",2026-09-27T20:11:21
Nairobi CBD Pricelist,Trecento Spice,2026-09-26,2026-10-10,1465.52,KES,True,"HAZINA, HILTON, KTDA Shop, STARMALL",2026-09-27T20:11:21
Nanyuki Pricelist,Fabela Black,2026-09-26,2026-10-10,1724.14,KES,True,NANYUKI,2026-09-27T20:11:21
Rongai Pricelist,Belt Bag Spice,2026-09-26,2026-09-27,862.07,KES,True,RONGAI,2026-09-27T20:11:21
Thika Pricelist,Big Man Bag Black,2026-09-26,2026-10-10,1465.52,KES,True,THIKA,2026-09-27T20:11:21
Thika Pricelist,Big Man Bag Brown,2026-09-26,2026-10-10,1465.52,KES,True,THIKA,2026-09-27T20:11:21
Thika Pricelist,Big Man Bag Green,2026-09-26,2026-10-10,1465.52,KES,True,THIKA,2026-09-27T20:11:21
Thika Pricelist,Big Man Bag Grey,2026-09-26,2026-10-10,1465.52,KES,True,THIKA,2026-09-27T20:11:21
Thika Pricelist,Big Man Bag Nude,2026-09-26,2026-10-10,1465.52,KES,True,THIKA,2026-09-27T20:11:21
Thika Pricelist,Fabela Black,2026-09-26,2026-10-10,1724.14,KES,True,THIKA,2026-09-27T20:11:21
Thika Pricelist,Fabela Brown,2026-09-26,2026-10-10,1724.14,KES,True,THIKA,2026-09-27T20:11:21
Thika Pricelist,Fabela Green,2026-09-26,2026-10-10,1724.14,KES,True,THIKA,2026-09-27T20:11:21
Thika Pricelist,Fabela Grey,2026-09-26,2026-10-10,1724.14,KES,True,THIKA,2026-09-27T20:11:21
Thika Pricelist,Fabela Nude,2026-09-26,2026-10-10,1724.14,KES,True,THIKA,2026-09-27T20:11:21
Thika Pricelist,Fayola Black,2026-09-26,2026-10-10,1465.52,KES,True,THIKA,2026-09-27T20:11:21
Thika Pricelist,Fayola Brown,2026-09-26,2026-10-10,1465.52,KES,True,THIKA,2026-09-27T20:11:21
Thika Pricelist,Fayola Green,2026-09-26,2026-10-10,1465.52,KES,True,THIKA,2026-09-27T20:11:21
Thika Pricelist,Fayola Grey,2026-09-26,2026-10-10,1465.52,KES,True,THIKA,2026-09-27T20:11:21
Thika Pricelist,Fayola Nude,2026-09-26,2026-10-10,1465.52,KES,True,THIKA,2026-09-27T20:11:21
Thika Pricelist,Kai Beige,2026-09-26,2026-10-10,2068.97,KES,True,THIKA,2026-09-27T20:11:21
Thika Pricelist,Kai Black,2026-09-26,2026-10-10,2068.97,KES,True,THIKA,2026-09-27T20:11:21
Thika Pricelist,Kai Brown,2026-09-26,2026-10-10,2068.97,KES,True,THIKA,2026-09-27T20:11:21
Thika Pricelist,Kai Green,2026-09-26,2026-10-10,2068.97,KES,True,THIKA,2026-09-27T20:11:21
Thika Pricelist,Kai Grey,2026-09-26,2026-10-10,2068.97,KES,True,THIKA,2026-09-27T20:11:21
Thika Pricelist,Kate Beige,2026-09-26,2026-10-10,1034.48,KES,True,THIKA,2026-09-27T20:11:21
Thika Pricelist,Kate Black,2026-09-26,2026-10-10,1034.48,KES,True,THIKA,2026-09-27T20:11:21
Thika Pricelist,Kate Chocolate,2026-09-26,2026-10-10,1034.48,KES,True,THIKA,2026-09-27T20:11:21
Thika Pricelist,Kate Cracked,2026-09-26,2026-10-10,1034.48,KES,True,THIKA,2026-09-27T20:11:21
Thika Pricelist,Kate Dark Brown,2026-09-26,2026-10-10,1034.48,KES,True,THIKA,2026-09-27T20:11:21
Thika Pricelist,Kate Grey,2026-09-26,2026-10-10,1034.48,KES,True,THIKA,2026-09-27T20:11:21
Thika Pricelist,Kate Maroon,2026-09-26,2026-10-10,1034.48,KES,True,THIKA,2026-09-27T20:11:21
Thika Pricelist,Kate Red,2026-09-26,2026-10-10,1034.48,KES,True,THIKA,2026-09-27T20:11:21
Thika Pricelist,Kate Spice,2026-09-26,2026-10-10,1034.48,KES,True,THIKA,2026-09-27T20:11:21
Thika Pricelist,Oval Handbag Black,2026-09-26,2026-10-10,1034.48,KES,True,THIKA,2026-09-27T20:11:21
Thika Pricelist,Oval Handbag Brown,2026-09-26,2026-10-10,1034.48,KES,True,THIKA,2026-09-27T20:11:21
Thika Pricelist,Oval Handbag Green,2026-09-26,2026-10-10,1034.48,KES,True,THIKA,2026-09-27T20:11:21
Thika Pricelist,Oval Handbag Grey,2026-09-26,2026-10-10,1034.48,KES,True,THIKA,2026-09-27T20:11:21
Thika Pricelist,Oval Handbag Nude,2026-09-26,2026-10-10,1034.48,KES,True,THIKA,2026-09-27T20:11:21
Thika Pricelist,Oval Handbag Red,2026-09-26,2026-10-10,1034.48,KES,True,THIKA,2026-09-27T20:11:21
Website Pricelist,Esmeralda Black,2026-09-26,2026-09-26,1896.55,KES,True,WEBSITE SALES,2026-09-27T20:11:21
Website Pricelist,Oval Handbag Brown,2026-09-26,2026-09-26,1034.48,KES,True,WEBSITE SALES,2026-09-27T20:11:21
Nairobi CBD Pricelist,Mini Umbra Cracked,2026-09-27,2026-09-27,1034.48,KES,True,"HAZINA, HILTON, KTDA Shop, STARMALL",2026-09-27T20:11:21
Nakuru Pricelist,Aria Pro Grey,2026-09-29,2026-09-29,1034.48,KES,True,NAKURU,2026-09-27T20:11:21
